dataset_id,resource_id
02a90a88-19c9-4542-9410-6741782427bf,0dca08cd-fc99-43e1-a85f-c1cebfcc8628
064ee904-5345-43da-b6d2-7b771a928a2b,f9b6e10a-b428-4751-83ad-292b6decd1ae
09ed4d5d-7fcd-4ce3-9ba5-8cf42d57ee2c,079d12d3-f220-4f87-8614-2465a07d047d
0a4d8d4e-f881-48f5-82e8-20c2c635e8bd,72362aa4-27d7-48c5-a2c5-c22674b61813
0a4d8d4e-f881-48f5-82e8-20c2c635e8bd,fc7cccac-3b90-480f-9523-8ac727e18900
13ba912b-032e-4c04-a9cc-2c7cbe2a9f4a,00b16e62-791e-4f1d-938f-a1f7e4a2831a
13ba912b-032e-4c04-a9cc-2c7cbe2a9f4a,1326a733-3cae-4d1c-90d9-cf262deea503
13ba912b-032e-4c04-a9cc-2c7cbe2a9f4a,1364c6ad-9ad9-4313-9523-5be622c0fb93
13ba912b-032e-4c04-a9cc-2c7cbe2a9f4a,13a59c10-7a26-4baa-90fb-f07a72dd1c77
13ba912b-032e-4c04-a9cc-2c7cbe2a9f4a,15a30f69-9b4f-4ee2-8175-52e19d8f82d5
13ba912b-032e-4c04-a9cc-2c7cbe2a9f4a,1b2f1a69-381a-45ce-837c-3f8c8f6b5641
13ba912b-032e-4c04-a9cc-2c7cbe2a9f4a,20131718-4267-48a0-9b70-c0f90f690547
13ba912b-032e-4c04-a9cc-2c7cbe2a9f4a,214d9c4c-e6a4-4108-bfd6-0f6be58f6eb1
13ba912b-032e-4c04-a9cc-2c7cbe2a9f4a,2463bb69-4453-427b-ba8d-3b0ff5b2dcf8
13ba912b-032e-4c04-a9cc-2c7cbe2a9f4a,24cfa4ae-2621-432d-8cca-fcf2ef32c65a
13ba912b-032e-4c04-a9cc-2c7cbe2a9f4a,258c0210-2a99-46e1-896f-6e15372b267d
13ba912b-032e-4c04-a9cc-2c7cbe2a9f4a,3047ec5b-d68c-4250-a7d1-6fc5b30db753
13ba912b-032e-4c04-a9cc-2c7cbe2a9f4a,38de6f0a-a678-4a8f-8d14-5a4344195b91
13ba912b-032e-4c04-a9cc-2c7cbe2a9f4a,3c845a39-791d-4142-85e2-c7ad305baa07
13ba912b-032e-4c04-a9cc-2c7cbe2a9f4a,3f790d5a-adfe-4de5-b2e8-dec8ab15c9d8
13ba912b-032e-4c04-a9cc-2c7cbe2a9f4a,411bcbdd-2c5a-4dd4-881c-b394e318c290
13ba912b-032e-4c04-a9cc-2c7cbe2a9f4a,431fdd2d-9c96-42b7-9a44-776ba5fb17ba
13ba912b-032e-4c04-a9cc-2c7cbe2a9f4a,48f3fd88-d7e0-459d-9428-5b1345c9a8ad
13ba912b-032e-4c04-a9cc-2c7cbe2a9f4a,56dd0236-c370-4039-9f6d-d53484698c0f
13ba912b-032e-4c04-a9cc-2c7cbe2a9f4a,5c4551ce-4a59-4db2-be33-43e61ddc5168
13ba912b-032e-4c04-a9cc-2c7cbe2a9f4a,622a47a6-0596-46f5-972b-3bc34b8bd964
13ba912b-032e-4c04-a9cc-2c7cbe2a9f4a,72be7de7-edab-44e0-b73b-e2d6f289c2cd
13ba912b-032e-4c04-a9cc-2c7cbe2a9f4a,75abae79-5cc1-4ee8-9b9e-0d652ac1a1a7
13ba912b-032e-4c04-a9cc-2c7cbe2a9f4a,77f7f31e-b296-4134-a44d-6f4130500cac
13ba912b-032e-4c04-a9cc-2c7cbe2a9f4a,80230a9e-0bb0-4edd-9efc-535d077061e6
13ba912b-032e-4c04-a9cc-2c7cbe2a9f4a,839dd2e8-bf51-4e98-a961-e020c1d0fd1c
13ba912b-032e-4c04-a9cc-2c7cbe2a9f4a,85eb9270-8603-4e9e-affe-ebc1a64d3eb0
13ba912b-032e-4c04-a9cc-2c7cbe2a9f4a,86eb7925-98bf-496a-9476-25137343af01
13ba912b-032e-4c04-a9cc-2c7cbe2a9f4a,870093a3-e369-4dc5-a152-7647f15d9677
13ba912b-032e-4c04-a9cc-2c7cbe2a9f4a,8c7634c8-4495-409c-9622-95613bab5fda
13ba912b-032e-4c04-a9cc-2c7cbe2a9f4a,8ddabc8f-4fee-4cd7-a1bd-156b83765407
13ba912b-032e-4c04-a9cc-2c7cbe2a9f4a,969d3ccf-ee08-4c95-9911-a776a69ad973
13ba912b-032e-4c04-a9cc-2c7cbe2a9f4a,96e207ac-d5a5-41e1-aef1-9f9f6385a743
13ba912b-032e-4c04-a9cc-2c7cbe2a9f4a,9d32db1f-2bb3-47b5-a83f-9f003485fb5a
13ba912b-032e-4c04-a9cc-2c7cbe2a9f4a,9eaad79e-f138-4ef5-9b24-093051658501
13ba912b-032e-4c04-a9cc-2c7cbe2a9f4a,9edb4bae-024a-430f-affa-cd607181681c
13ba912b-032e-4c04-a9cc-2c7cbe2a9f4a,a3984be9-372a-4de0-91dc-9009ed5e017a
13ba912b-032e-4c04-a9cc-2c7cbe2a9f4a,b45c5d4e-5d62-4d3e-83c8-e9baeac0eefb
13ba912b-032e-4c04-a9cc-2c7cbe2a9f4a,bb785bce-ce1b-47f5-a5fd-e1ad54655fc5
13ba912b-032e-4c04-a9cc-2c7cbe2a9f4a,bb7f6f97-69d2-404b-abc9-113bf6d414cc
13ba912b-032e-4c04-a9cc-2c7cbe2a9f4a,c15726bb-cd8e-4d5b-8e1e-27c528a25618
13ba912b-032e-4c04-a9cc-2c7cbe2a9f4a,c21d513f-0c4b-48dc-b6f0-cae7289851fc
13ba912b-032e-4c04-a9cc-2c7cbe2a9f4a,d5d17f37-bef9-4031-8b70-d6feb7af6d08
13ba912b-032e-4c04-a9cc-2c7cbe2a9f4a,d76f47fa-878a-47fd-92c9-b910a10fbe1d
13ba912b-032e-4c04-a9cc-2c7cbe2a9f4a,d8541014-2043-4764-968c-a9956f9da8d4
13ba912b-032e-4c04-a9cc-2c7cbe2a9f4a,e2fdb9a3-4b50-4939-b336-2e83cfea69b2
13ba912b-032e-4c04-a9cc-2c7cbe2a9f4a,e46f79ef-c525-417b-80e7-234eec092837
13ba912b-032e-4c04-a9cc-2c7cbe2a9f4a,ec4dc0e7-dc6d-49d3-a15d-26f98a2626d4
13ba912b-032e-4c04-a9cc-2c7cbe2a9f4a,f20577f5-34c5-41ba-9fc3-b93534cf6cb6
13ba912b-032e-4c04-a9cc-2c7cbe2a9f4a,f26d10b7-e586-483b-9d4b-c232cfe0d712
13ba912b-032e-4c04-a9cc-2c7cbe2a9f4a,f7df2e58-8ad9-4fee-b8f5-3f687abd924e
13ba912b-032e-4c04-a9cc-2c7cbe2a9f4a,fce70a3f-3f78-4075-bcdc-885c9f09d710
1cac4023-cce8-4205-8b71-75e79094dded,23a60f4c-0dec-49fd-b8c8-be457a6c2d87
1cc92020-e859-4a43-ba7c-0b68f9498a70,190201ce-df4e-4684-8979-98ea919f22cb
1cc92020-e859-4a43-ba7c-0b68f9498a70,2c36d4a9-c040-469e-b666-2f3d7ce79068
1cc92020-e859-4a43-ba7c-0b68f9498a70,5c569964-7cac-4535-b9ec-b8a9678ceefd
1cc92020-e859-4a43-ba7c-0b68f9498a70,62e0706f-fdc8-4a48-a548-3b3c08704222
1cc92020-e859-4a43-ba7c-0b68f9498a70,69d65d1f-64b7-4743-ba3e-eea9a49a8a34
1cc92020-e859-4a43-ba7c-0b68f9498a70,74a78080-362c-4e46-97db-334bad8b584a
1cc92020-e859-4a43-ba7c-0b68f9498a70,84d212b7-f293-4092-a702-794e64ba23c9
1cc92020-e859-4a43-ba7c-0b68f9498a70,86fa4208-9994-4423-a645-08c7b736b742
1cc92020-e859-4a43-ba7c-0b68f9498a70,ba061f22-bb60-40af-b7e8-cb142deb36ac
1cc92020-e859-4a43-ba7c-0b68f9498a70,ba3059e8-1f2f-4501-8153-086f0878b816
1cc92020-e859-4a43-ba7c-0b68f9498a70,c68e2976-328d-483a-bd72-8fe35d11d817
1cc92020-e859-4a43-ba7c-0b68f9498a70,d9cc6cc7-17ac-413d-95f0-60b61e9f0edc
1cc92020-e859-4a43-ba7c-0b68f9498a70,e1c0ebad-4a52-4ae9-a258-27075153adc6
1cc92020-e859-4a43-ba7c-0b68f9498a70,f088d217-15fd-491f-a2ad-4d5f2556df84
21b43f26-5753-4c78-a45a-1b6b4bf2d44b,e18e2b82-2c41-458c-a128-f5cf7d7505de
24dea2a0-39bf-4a15-bf41-ed46c530f679,f34d0e46-2821-451f-b483-1ecd6fff51f9
256b30ce-d645-4997-a7a0-8aa0ce91daec,24b673c0-1d15-4950-bdea-000cbfff1e09
256b30ce-d645-4997-a7a0-8aa0ce91daec,24e68ad4-6b53-4dcd-8005-a1f757f545f3
256b30ce-d645-4997-a7a0-8aa0ce91daec,38a0e51c-f605-4a6f-978f-665faaa09c5f
256b30ce-d645-4997-a7a0-8aa0ce91daec,d9f5ba91-5119-470c-8fd4-5da09c68e273
256b30ce-d645-4997-a7a0-8aa0ce91daec,e5278167-30cd-497f-8772-5b4063297bed
25a28ec2-f9a8-412f-a6e8-6808b66ef957,33f3381e-370d-458c-96f0-de51aae53767
25a28ec2-f9a8-412f-a6e8-6808b66ef957,3dcefa6d-d57e-4de7-bc11-56227ae4e119
25a28ec2-f9a8-412f-a6e8-6808b66ef957,63814547-67d7-4d24-8c69-e28b6259374d
25a28ec2-f9a8-412f-a6e8-6808b66ef957,d1066748-281b-4b3e-9eb2-f7ba51db054d
28384b4c-ee8a-4d38-886a-baee369430d9,f926386d-2aab-42cb-9517-1c7d59756af8
289a72e9-58be-47c1-bbdd-2bf04141c303,cfce9b00-1990-4c64-ac04-6ad1f9cd9fc4
2ddc1f8f-bb4a-4c9e-ad4f-af551a6ecf54,7be231b6-c8f8-450e-864f-b4e651346446
3701bbed-8683-4ed6-a4e9-1e23b4c6c542,5f1251dc-dcdc-4981-8932-6fac65e82c76
3afb333d-230f-4829-91bb-d4dd41bfdcfa,727c3ee1-4107-4996-878d-1caf537730e8
3afb333d-230f-4829-91bb-d4dd41bfdcfa,7c672f2b-f45e-40aa-b6bb-01fb2e9bf5e7
3afb333d-230f-4829-91bb-d4dd41bfdcfa,99ce7e4d-df5b-40f6-afb4-16085dbf697d
3afb333d-230f-4829-91bb-d4dd41bfdcfa,a8373c98-32a8-408c-b8e9-51e6b1e01777
3afb333d-230f-4829-91bb-d4dd41bfdcfa,b105c1aa-3bc4-4233-8103-8f4616948d85
3afb333d-230f-4829-91bb-d4dd41bfdcfa,b1c2f92b-4b69-46fc-9282-16acc7a1c9aa
3afb333d-230f-4829-91bb-d4dd41bfdcfa,d0f5cd8b-7c3e-4055-9810-f9cba2b69a33
3c23ef7a-45e8-47a0-b635-ce39006d2ba7,29c065cf-7087-49e0-89aa-4901f90a528c
3ed950c4-eab3-434a-aec4-ed0d2b9c7e31,5feefa67-8410-43b6-9d8a-84ddf59926d1
40375219-aae0-49ac-9ce0-1617d8a3c240,8176015d-cca3-44e4-8fb1-16693db0cb99
4500197b-2fbe-47ee-a24c-73726f0b1815,48c09349-a764-489b-a57d-536b05e7247a
4608a35d-3824-4d60-a0a4-cc7c2f2b2fa8,1a9ad255-b057-4273-80ce-2b11b5eb470b
4608a35d-3824-4d60-a0a4-cc7c2f2b2fa8,24af8a90-4a55-40e8-84df-db3fd230b249
4608a35d-3824-4d60-a0a4-cc7c2f2b2fa8,4989a837-f72f-469a-89e1-67397a7dc4d8
4608a35d-3824-4d60-a0a4-cc7c2f2b2fa8,4dbfdd7b-a06b-4671-9893-ea461cc693b7
4608a35d-3824-4d60-a0a4-cc7c2f2b2fa8,55c76ec7-6226-48e9-90e3-fd23921759f4
4608a35d-3824-4d60-a0a4-cc7c2f2b2fa8,9dde88df-efe1-4cec-8289-189b22a9ddcd
4608a35d-3824-4d60-a0a4-cc7c2f2b2fa8,c2cb17c4-e1c0-4444-8154-b3ed3973efae
485d29c2-fe3c-4dff-8ee4-009e8d2aa7ae,e4bd45ac-d955-4b5d-9476-ab85f20566cb
492dc42e-df6c-4cba-bb4c-5562689627e6,3a723fcc-a806-45ea-a301-4cee2cf3ab8f
4a5b1066-7eef-4963-999e-5d8bbdb561e0,c4b0c4a5-7266-4fed-8f86-07906c0c9070
4ce41b70-6175-428e-b7a4-8c52d6ceda60,77d8c2c1-769c-4486-9ea0-f599f751b697
4d03c927-1877-4459-95a2-4a248e502765,7c4736f6-0e11-409f-a9ba-0c0b9646244e
4e1596b9-90da-4011-bfeb-51e52c5d27b0,78cf6608-7036-4dc7-a28b-5d0cf8c04005
4e81c650-6b82-4a0a-bf3c-ab81394cf8df,21bcc348-5e53-4994-97da-dc094c6113fb
4e81c650-6b82-4a0a-bf3c-ab81394cf8df,3fcc4321-feed-4654-9f7e-d08ee1e9739c
4e81c650-6b82-4a0a-bf3c-ab81394cf8df,44280984-73d1-40df-97e4-7fab0f8694fd
4e81c650-6b82-4a0a-bf3c-ab81394cf8df,8926dd73-afb8-4580-91cc-8047e3e7916c
4e81c650-6b82-4a0a-bf3c-ab81394cf8df,f44ce80d-a920-4446-ad3a-2cce36657303
4f3d3a68-3c1d-467c-9d82-4bed6d9b8aff,01b5db09-7eb6-4b19-9cd5-f97d9d64dd18
4f3d3a68-3c1d-467c-9d82-4bed6d9b8aff,f0e53f21-dcbb-46cb-8149-85c09010d130
4f50fe06-9047-4a92-a953-2ccb04af9bcf,b83b2fec-15aa-4adc-bcc2-7696ac757fa8
59d595ab-6c09-455c-b0a7-e24ba1ac94d9,fe80eddb-8c51-425b-87b6-98b0fdbf8cb9
5f2180c2-be1d-45c3-a3c3-831f400b2f81,845052d6-27f5-47b7-a012-2df643bb5bc7
5f2180c2-be1d-45c3-a3c3-831f400b2f81,d65a3ddc-ff78-4a5e-8863-cbecdc76d803
5f2180c2-be1d-45c3-a3c3-831f400b2f81,e6aeaf20-e3ab-446c-af56-8a1d17578a75
608c3c65-fe2d-477d-8fd5-1ec248ae3e5d,c9c19bc9-ccfc-4c9f-9f17-b10b01259c0a
6509e4fb-6b00-47f4-a2c0-35e8b69f36fb,f82309ee-8e3d-4812-81c0-9fdc4475dd14
672f2339-c57f-48f5-a681-b62acc50f488,264860be-6525-406d-9d77-73d8fe9110a8
672f2339-c57f-48f5-a681-b62acc50f488,67dfc517-ed46-43ca-9ebc-f2a7bf1ca380
672f2339-c57f-48f5-a681-b62acc50f488,a689c791-1cc9-4e29-8989-e4734e2d919f
672f2339-c57f-48f5-a681-b62acc50f488,b72b0889-7081-4c5b-9b45-d648cf65aef9
672f2339-c57f-48f5-a681-b62acc50f488,c8be2c50-6c65-4822-ab9f-870ac36fc703
672f2339-c57f-48f5-a681-b62acc50f488,cb7ed7ae-2b9b-4271-a97e-8a926d3b27b2
6a85aa5b-29a6-458d-9f6f-58493f800e49,019f924c-c642-4654-934a-0475fe2ecd94
6a85aa5b-29a6-458d-9f6f-58493f800e49,2110f052-20e9-4d00-b39b-c226aef5fa51
6a85aa5b-29a6-458d-9f6f-58493f800e49,23279b4a-78fe-415e-a027-4927eada1613
6a85aa5b-29a6-458d-9f6f-58493f800e49,28fe5f4b-c210-47de-a705-909fc311b53e
6a85aa5b-29a6-458d-9f6f-58493f800e49,2eb7a3ee-5ec5-40e7-a0b3-7bb5df80dd41
6a85aa5b-29a6-458d-9f6f-58493f800e49,31d38e8a-613e-4dfa-b92b-98de187c05c4
6a85aa5b-29a6-458d-9f6f-58493f800e49,343c0a7a-17ae-4cc8-836f-4b0341b8cb89
6a85aa5b-29a6-458d-9f6f-58493f800e49,3de2bc51-f6ee-412c-95c3-46d3ed98e519
6a85aa5b-29a6-458d-9f6f-58493f800e49,55c6151f-08c7-409b-8879-6622e5f40e41
6a85aa5b-29a6-458d-9f6f-58493f800e49,5d350c8d-d23a-48f9-9c08-0a485c7d3485
6a85aa5b-29a6-458d-9f6f-58493f800e49,6b8c0aed-ac31-403f-a6ca-df8b46393d82
6a85aa5b-29a6-458d-9f6f-58493f800e49,6fb122d3-df1b-48ce-9d94-370b52c57634
6a85aa5b-29a6-458d-9f6f-58493f800e49,8b2e3a7f-3130-4de8-978f-c56e622e21b0
6a85aa5b-29a6-458d-9f6f-58493f800e49,ba2e76e4-be45-4d4f-8ad2-713e7312914c
6a85aa5b-29a6-458d-9f6f-58493f800e49,c5042e8b-16f5-4cbc-a382-50fa5e34cb08
6a85aa5b-29a6-458d-9f6f-58493f800e49,c604f890-c6cd-40a5-b05a-47ff0bd7d1a4
6a85aa5b-29a6-458d-9f6f-58493f800e49,db854dd2-25f3-4769-8256-362ae8f86b84
6a85aa5b-29a6-458d-9f6f-58493f800e49,ec9893bd-e281-4514-bbdf-68f816f191e5
6a85aa5b-29a6-458d-9f6f-58493f800e49,fb4b9754-28ad-4596-883c-4dee2e7ce7d0
6f0ba6de-7b20-4823-81ff-e35579e1079c,dfc79cef-4c62-470a-ba3d-841e4a52e9d0
78c83ea8-0167-4661-b140-ec23e39735e9,8c80a9f3-5c3e-4440-ae6e-3a08f7b1a937
7cd16f2d-9570-44c6-888a-5d1f43043c67,f5411092-3712-4af4-9913-f09d9c29d016
81526280-9dab-44c6-9047-44256fef9ac1,0eef5200-c357-4cd8-8962-2cd75e664f1e
839f677d-4e97-4f7d-aea1-cb35947368e2,393316a7-d981-4fc3-8be1-375b47cc7b41
86332a2c-6983-4369-90f6-0f503f9544ea,cf690f20-2057-4872-a0a9-495f3aa310b4
8d579fcc-06e8-4ca3-bb99-4f11e77fdef2,d42e97b7-4d6d-4d6b-99bb-86614be32f7b
9a543389-6c85-4c50-98ec-d199073baf70,7907320f-5bdc-4ba1-8f9c-aeb73aa3b0b7
9ae03d7b-f02d-4df2-bde6-49728e834027,a455910a-145b-4bb0-9eda-152c177ed1f0
9e7d3aa5-120c-499e-83b9-28c45b79060f,1110486d-819b-46b7-ad2b-76eec24d093e
9e7d3aa5-120c-499e-83b9-28c45b79060f,39b9fecb-44e4-404a-94d2-7972cc13d9d8
9e7d3aa5-120c-499e-83b9-28c45b79060f,53e4a147-3232-45d2-8e98-e881d30d0d80
9e7d3aa5-120c-499e-83b9-28c45b79060f,c7cf21da-eaa4-438f-a2b4-a1d05aad37e6
9e7d3aa5-120c-499e-83b9-28c45b79060f,da59916f-bee9-4ac8-a5b4-2d2ec4300fd2
a106b0dc-4f5a-4d04-9cdb-88b3427d8c92,a6e58dba-aca8-4f31-a53f-a0f9b6edbe97
a1ae9d8b-eb58-4611-9d4b-59d147299531,1b5da7bc-6acb-4605-a6d4-7c178f50d41c
a28770ef-17da-456c-886c-1e2f11985e17,90e50731-8458-4c83-b045-a53563486457
a40e0cc1-d314-4dcc-9fe2-ac68ff336b7e,7b5d3faf-f506-4bb0-a52a-b0acb21dedad
a42fe0cb-88fb-4c85-91db-92197cf096e1,02b4fcc5-62c4-429d-8c6f-014fb4e505ad
a42fe0cb-88fb-4c85-91db-92197cf096e1,1f7436c2-f3d2-4090-9c7d-9cf711edd7e3
a42fe0cb-88fb-4c85-91db-92197cf096e1,689cc2fc-85b3-4b54-83aa-1b88d87890e4
a56af398-d46c-4883-af24-4dc4e6b1246f,4361fd99-1bc0-4771-bf5b-9fb763babd04
a56af398-d46c-4883-af24-4dc4e6b1246f,971bd6a3-ee35-4e1d-886d-34676f9374ec
a56af398-d46c-4883-af24-4dc4e6b1246f,f1736e03-f1a5-4cee-a7ec-917123d1ae0f
aaa875cf-d07f-4034-abae-09ba88eca93c,9d812788-de04-44d1-a958-020b9ee0f82b
b4a4a12f-35f5-4ed4-98d9-efdcb507c7c1,0fbb61fe-314e-442b-a89c-0174fb482e25
b4a4a12f-35f5-4ed4-98d9-efdcb507c7c1,2bb56042-15a1-4026-b001-194f434a01b6
b59dcd26-08a4-4bff-a312-ac8238d03ccc,96fd5c60-2f43-46e5-aeb1-d5b650d581eb
b5d19739-bdd3-412b-96cd-4158235b8f09,42ac70b6-44ce-48d0-9095-1070508d6140
b5d19739-bdd3-412b-96cd-4158235b8f09,5d7241d9-0487-449f-9234-6b09980fadf8
b5d19739-bdd3-412b-96cd-4158235b8f09,7cfa2ba8-01ad-41bc-9841-dd81c066e63b
b5d19739-bdd3-412b-96cd-4158235b8f09,8c8a52c0-1fe5-4a81-98cd-ab1c22edf935
b5d19739-bdd3-412b-96cd-4158235b8f09,a5f2f9a6-db0d-42a5-bbc3-03a7e28921e4
b5d19739-bdd3-412b-96cd-4158235b8f09,ea9a5d05-65ed-46ee-a65a-df6f6cfd7464
b5d19739-bdd3-412b-96cd-4158235b8f09,ed2b95dc-6f43-4df5-b09b-8f8a878261b0
b5d19739-bdd3-412b-96cd-4158235b8f09,f79994b9-194b-49b0-b2e9-c0dc7f0278ba
ba139a6a-9cf3-46d5-8a25-b338f90bd1bc,7bfd4b21-aa06-4604-bb9d-64badedb9550
ba1ddb9d-631f-463d-a12d-a3762cbee893,670bb5a5-a2f7-411c-a5e7-39590820cadd
c22ad20e-d0e3-4be2-8041-ba71bfa29873,0ecd94ca-8358-4721-a759-aa9424006459
c22ad20e-d0e3-4be2-8041-ba71bfa29873,a6384cb4-442c-41de-a8ad-7cc9b6c200c4
c22ad20e-d0e3-4be2-8041-ba71bfa29873,d3e420fa-fbe1-4ef3-854d-05de836b7f89
c31c9ff2-0ea9-43d8-8f93-2af0eaade9d4,3f429389-27fa-4bac-a677-1c989882b06f
c31c9ff2-0ea9-43d8-8f93-2af0eaade9d4,4c0009c0-69f2-49ec-831c-181f97d624a5
c31c9ff2-0ea9-43d8-8f93-2af0eaade9d4,6b12f482-7693-4e36-9f47-fa0d4e03a5dc
c3d5c849-3f3e-49f3-ab52-751d108f02df,0a92cdf7-174e-4192-94b4-fa12449a1216
c3d5c849-3f3e-49f3-ab52-751d108f02df,15cdcf01-75c5-4ab7-bc9f-a5ce60a40df1
c3d5c849-3f3e-49f3-ab52-751d108f02df,32cc89e2-e809-4475-8a52-6c5d24d41396
c3d5c849-3f3e-49f3-ab52-751d108f02df,39ada98e-8b6c-4087-a468-c3750bb561a3
c3d5c849-3f3e-49f3-ab52-751d108f02df,3d5777e7-3cf2-4072-858e-34359f48876c
c3d5c849-3f3e-49f3-ab52-751d108f02df,47e653a7-a529-4644-a6c2-3df2d09575a6
c3d5c849-3f3e-49f3-ab52-751d108f02df,5e5e0c94-4d84-4a9c-a717-e6c69a8c5bbc
c3d5c849-3f3e-49f3-ab52-751d108f02df,60785ad0-48f2-4114-906a-b4771f221148
c3d5c849-3f3e-49f3-ab52-751d108f02df,619bdc6c-4336-4007-a28b-2c11d21d366a
c3d5c849-3f3e-49f3-ab52-751d108f02df,698cc95a-534b-4276-b13f-a827ac08f7ad
c3d5c849-3f3e-49f3-ab52-751d108f02df,7ae9e66b-0bdb-4043-a6c6-65c2fffd21f6
c3d5c849-3f3e-49f3-ab52-751d108f02df,8ef3498c-d1ec-408f-9c0c-92b3806d5f93
c3d5c849-3f3e-49f3-ab52-751d108f02df,8f10558e-399c-46ab-bf2d-be4ebf9d01b9
c3d5c849-3f3e-49f3-ab52-751d108f02df,988ec918-e568-4e4d-9e9e-2609d292bc7a
c3d5c849-3f3e-49f3-ab52-751d108f02df,9a52cb02-a611-406a-bae1-ba8cbcb6639a
c3d5c849-3f3e-49f3-ab52-751d108f02df,c26064cc-764b-4fef-8417-44ee0ae0c653
c3d5c849-3f3e-49f3-ab52-751d108f02df,c52561b4-1534-4888-a8f1-97184c87e23b
c3d5c849-3f3e-49f3-ab52-751d108f02df,d58f51e3-6142-41da-9433-73af09fa636c
c3d5c849-3f3e-49f3-ab52-751d108f02df,e50daf8f-2d7b-4499-b6d6-2d2c70defc67
c3d5c849-3f3e-49f3-ab52-751d108f02df,fd569baf-cc49-4f60-a3fb-766582a2cc99
c3d5c849-3f3e-49f3-ab52-751d108f02df,ff264c91-8f39-4ed9-9ec1-a5d2f9ad5051
c729ffd9-8be1-49a9-8c43-dab2f8a87753,23365241-435b-4dda-921c-09bd5f908010
c729ffd9-8be1-49a9-8c43-dab2f8a87753,5500907c-2e5c-4967-a99d-4d64b6cde975
c729ffd9-8be1-49a9-8c43-dab2f8a87753,af85e355-88e1-4d4d-91ec-785e1801dd47
c854c0a8-9a35-40b8-8698-115d3ec29a26,04780ce7-aa69-42d9-81fc-67374b6da796
c854c0a8-9a35-40b8-8698-115d3ec29a26,1e0ceecc-870d-4a03-af9e-df02bab7afda
c854c0a8-9a35-40b8-8698-115d3ec29a26,20b42c9e-71fb-4b8d-94d5-de3911b50396
c854c0a8-9a35-40b8-8698-115d3ec29a26,22e8dbc5-7816-464e-8fee-91bbad5286e0
c854c0a8-9a35-40b8-8698-115d3ec29a26,249afa94-b65c-45e6-b292-877a33aaef64
c854c0a8-9a35-40b8-8698-115d3ec29a26,26b2f7e5-f150-450b-9865-8bd300a409c7
c854c0a8-9a35-40b8-8698-115d3ec29a26,27dc5f89-e642-4c15-af92-cf3c2af10090
c854c0a8-9a35-40b8-8698-115d3ec29a26,27eecf33-4e0a-4f8a-88a0-561cd6d309ed
c854c0a8-9a35-40b8-8698-115d3ec29a26,2be11d8f-bf0e-47c0-9996-b8b224490e5b
c854c0a8-9a35-40b8-8698-115d3ec29a26,352f90c5-310c-41a2-ac2d-488386d0cd1e
c854c0a8-9a35-40b8-8698-115d3ec29a26,3ced2656-4c17-4755-934e-897b6655c85a
c854c0a8-9a35-40b8-8698-115d3ec29a26,42d790e3-c87e-4c7b-a3e0-ad237060e7eb
c854c0a8-9a35-40b8-8698-115d3ec29a26,4cceb8fe-7823-49e5-b55c-1ce01e810f55
c854c0a8-9a35-40b8-8698-115d3ec29a26,5f0230fe-b62f-4eff-bd3d-1d6ab7c13825
c854c0a8-9a35-40b8-8698-115d3ec29a26,62ea9fb0-439a-4189-b321-3f9bed729142
c854c0a8-9a35-40b8-8698-115d3ec29a26,8174b5b9-0b47-4425-8a6a-c98712ff0393
c854c0a8-9a35-40b8-8698-115d3ec29a26,872ff29c-0c1f-46b6-8255-acd2c3873bea
c854c0a8-9a35-40b8-8698-115d3ec29a26,874cd51d-5394-4418-8e79-8b0db36515e6
c854c0a8-9a35-40b8-8698-115d3ec29a26,b7a209a3-36fc-4a82-a4b4-6df407c8fc95
c854c0a8-9a35-40b8-8698-115d3ec29a26,bf2d6df1-7ee5-4857-97fe-a0da4cc8954e
c854c0a8-9a35-40b8-8698-115d3ec29a26,ca040ed5-9c7a-4590-82e9-3ec9bef639f6
c854c0a8-9a35-40b8-8698-115d3ec29a26,ccbee9c1-b0cf-400d-886a-5026f4605cd0
c854c0a8-9a35-40b8-8698-115d3ec29a26,d8246ee9-27cc-4b77-bf4e-3526c7436fc0
c854c0a8-9a35-40b8-8698-115d3ec29a26,d8288b5d-ece6-4113-9204-54bf62ad1d04
c854c0a8-9a35-40b8-8698-115d3ec29a26,dab63912-b316-47b5-81a5-567b505c6fd4
c854c0a8-9a35-40b8-8698-115d3ec29a26,dfb6a706-c4f3-4f32-994b-1ed33e20eb8a
c854c0a8-9a35-40b8-8698-115d3ec29a26,f7fe8676-898b-4eff-b3c8-ff0ffa2a0317
c854c0a8-9a35-40b8-8698-115d3ec29a26,ff02ebb4-8913-4902-b068-4df0521a4c98
ce115b9d-870f-436b-a8f7-386a6c65834f,b6be808e-edda-429f-9152-0fe72a726bf1
ce733a0e-950e-42ac-80f1-bc0ffeae74b9,84cb2cfd-c241-4089-93f3-e5cf0289b2a6
ceeaf408-ffbf-4f01-8c05-8395dd687c3d,0c9bc400-c1cb-4674-8971-7c55f71a0526
d2186c38-ac7f-45fb-9c38-2e9f36d3afaf,03e35390-8ba0-4d30-b8dc-d0e6d65fc7f8
d2e5af1b-4a74-4bba-8199-e6d138e37243,ae8be1a9-ca3c-4b79-93c8-46ac9d8b891b
d6768440-7bc5-457a-99f0-d0f82ee409cd,2258c8b1-9347-4f43-9821-a9f26ccff420
df5b7113-d32b-40bd-98ed-2ed55843b250,51e0ac35-556f-46a1-a2fe-4bd62b255900
e0894e61-8e22-4832-aa92-555f007282bc,7c1ac578-6ad2-40b9-9d46-d85cf7705b80
e121be86-7419-4b5a-8507-344dd6851d1c,416c09ec-15d8-4d82-b1fa-f698e5533f94
e121be86-7419-4b5a-8507-344dd6851d1c,b78637a4-1bb7-4710-9098-16fd3edafaa7
e121be86-7419-4b5a-8507-344dd6851d1c,f3c9c532-4e11-4d13-9495-3fba016133e3
e2b95dce-768b-45f3-86ed-f4531cd98e94,2863b9f1-ce65-472d-9bff-e527a4a7730a
e2b95dce-768b-45f3-86ed-f4531cd98e94,37c4c26b-e484-49b2-916d-84e1372150d2
e2b95dce-768b-45f3-86ed-f4531cd98e94,b6a2c3ab-eefd-4c1d-a54d-f7c3ea6d9a30
e48e0a1a-1771-4832-a83c-b88a5d29b2a4,96dfc7ac-95db-4088-80e9-fe2c08c0916d
e48e0a1a-1771-4832-a83c-b88a5d29b2a4,d0e95988-e34c-413f-bafb-5ba18e590c68
e4afd5c8-6ed3-4ee8-9146-39b929608963,44de54ea-b319-4fad-93e0-1cd6da34202a
e4afd5c8-6ed3-4ee8-9146-39b929608963,72dc2ade-9f52-4c84-89c4-8e773ac101ff
e4afd5c8-6ed3-4ee8-9146-39b929608963,7ca9a56a-0c90-4d54-872b-14147f676189
e6e37d74-7cfc-458e-ac29-ed153b414354,714fc1c4-afa8-4e5b-9d51-a4d80dc07495
e8a0620f-63a3-433c-8a85-c1c085159ea2,bdc1aafb-0f83-4dfa-b6c4-c74dbeadd14d
ebd8488f-a92b-46c9-899c-1e0b7f4f01e1,fd702b13-d69f-4e16-b2d0-9512b4fb3eb9
ef96d2db-9cbe-4738-b7bf-da556e12bdc2,106f7149-6161-4117-893a-44990c05cbe4
f00cdc84-5be1-4d2d-b00c-d8a957d78a0b,fa3caacf-cd92-4068-83a0-da4bba8569ed
f1460cfd-866d-42ad-8383-36d5c3f22201,30c549c0-3f39-47ed-8fc7-040948568109
f1460cfd-866d-42ad-8383-36d5c3f22201,b5aa8b8a-3a0f-4dbb-95f6-eb6272ace59e
f1460cfd-866d-42ad-8383-36d5c3f22201,c0ac4770-9cb4-41fd-a3bc-79c5560ff0f6
f43c99b5-4b4b-4df0-8e11-f8e5c75ed1ec,aa72a3f1-2fef-43e5-ae2a-2fe8e9ee1f82
f45c42a7-50d2-46e1-a247-e40db3255d50,1b232a7b-6115-4b78-82cb-aa94b90b9952
f45c42a7-50d2-46e1-a247-e40db3255d50,7dbdef1e-acef-4948-96de-117dc4688404
f45c42a7-50d2-46e1-a247-e40db3255d50,de9fd352-7cbe-4ba1-ba27-3bec13ba1287
f45c42a7-50d2-46e1-a247-e40db3255d50,ece4fe15-b6b8-434d-836a-2af80413063e
f59619c4-ee95-4102-8bc1-8583a82460d4,a7ae345e-dd36-4039-b779-207f9d17e690
f9a12656-d803-4ef9-848a-784ec3c7d20d,5f9847fd-4a61-49d6-8486-d1d9925d1f7b
fe742c08-cebc-489a-b205-e7f4a6487829,a7487521-eba6-4d95-8be5-6726f6edce18
feff84ea-89ec-4ce6-95fa-70060af298ac,2a217dfd-b313-41fb-836f-de0ec6610569
