dataset_id,orcid
005528de-954e-4c66-b32a-23c3e55139d4,0000-0001-5199-9940
005528de-954e-4c66-b32a-23c3e55139d4,0000-0003-1531-3088
007a8766-4921-4ff0-b3aa-404c0b598e03,0000-0001-7685-7797
007a8766-4921-4ff0-b3aa-404c0b598e03,0000-0002-1425-5587
007a8766-4921-4ff0-b3aa-404c0b598e03,0000-0002-3657-4693
007a8766-4921-4ff0-b3aa-404c0b598e03,0000-0002-9863-8461
007a8766-4921-4ff0-b3aa-404c0b598e03,0000-0003-4208-6159
00b068a4-1546-4bf3-ab8a-f56c9f3bd8f2,0000-0001-6213-3982
00b068a4-1546-4bf3-ab8a-f56c9f3bd8f2,0000-0002-0739-9291
00b068a4-1546-4bf3-ab8a-f56c9f3bd8f2,0000-0002-2802-9177
00b068a4-1546-4bf3-ab8a-f56c9f3bd8f2,0000-0002-4109-3317
00b068a4-1546-4bf3-ab8a-f56c9f3bd8f2,0000-0002-4616-0953
00b068a4-1546-4bf3-ab8a-f56c9f3bd8f2,0000-0003-4350-9520
00b068a4-1546-4bf3-ab8a-f56c9f3bd8f2,0000-0003-4373-2538
01a122f7-8b73-493a-8f1e-6a6cfdb885fd,0000-0003-2693-9238
02583b37-69a7-4e67-b64e-22e3059f8d6b,0000-0003-3471-328X
026129d5-4b1e-487b-afb3-aedd981eac67,0000-0002-5382-4017
02a90a88-19c9-4542-9410-6741782427bf,0000-0001-9576-8845
02a90a88-19c9-4542-9410-6741782427bf,0000-0003-1160-8727
02b1a9a5-046e-4c06-a36e-d052a586e06e,0000-0002-6689-5367
02b30ac7-c14e-413b-88f0-91048a6219fa,0000-0002-4406-9654
0564ac6a-aeff-4704-892b-43db74f6f836,0000-0003-3505-7325
05d70b11-29a9-4248-b5d6-7f092914d041,0000-0002-4552-3011
05d70b11-29a9-4248-b5d6-7f092914d041,0000-0003-4998-8577
0630be3e-3934-4450-922e-02bb6ca049a2,0000-0003-3709-5608 
064ee904-5345-43da-b6d2-7b771a928a2b,0000-0002-2509-1418
067103ae-3990-4d9c-bf33-6e2f46c4055d,0000-0001-6213-3982
067103ae-3990-4d9c-bf33-6e2f46c4055d,0000-0002-0739-9291
067103ae-3990-4d9c-bf33-6e2f46c4055d,0000-0002-2802-9177
067103ae-3990-4d9c-bf33-6e2f46c4055d,0000-0002-4109-3317
067103ae-3990-4d9c-bf33-6e2f46c4055d,0000-0002-4616-0953
067103ae-3990-4d9c-bf33-6e2f46c4055d,0000-0003-4350-9520
067103ae-3990-4d9c-bf33-6e2f46c4055d,0000-0003-4373-2538
06a2f674-9c3e-4f19-aea8-548c73f1c6c9,0000-0002-3285-6263
06a2f674-9c3e-4f19-aea8-548c73f1c6c9,0000-0002-8092-5163
073e1086-d3fb-4c2c-bbfe-5eda1f5bcc8b,0000-0001-6388-7241
073e1086-d3fb-4c2c-bbfe-5eda1f5bcc8b,0000-0002-8706-9902
073e1086-d3fb-4c2c-bbfe-5eda1f5bcc8b,0000-0002-9620-1514
073e1086-d3fb-4c2c-bbfe-5eda1f5bcc8b,0000-0003-0810-0308
073e1086-d3fb-4c2c-bbfe-5eda1f5bcc8b,0000-0003-2824-4106
073e1086-d3fb-4c2c-bbfe-5eda1f5bcc8b,0000-0003-3414-5155
073e1086-d3fb-4c2c-bbfe-5eda1f5bcc8b,0000-0003-4622-0482
0774ec2b-0f0d-449c-a257-7f1328b36c16,0000-0003-3505-7325
0798ca41-3369-4e33-9863-8fbd4351c7d0,0000-0002-5080-6075
0798ca41-3369-4e33-9863-8fbd4351c7d0,0000-0003-1364-0958
083db0ff-3932-47ed-a629-1b85f1f7ff9b,0000-0001-6360-6673
083db0ff-3932-47ed-a629-1b85f1f7ff9b,0000-0002-6228-5991
083db0ff-3932-47ed-a629-1b85f1f7ff9b,0000-0003-2060-8235
083db0ff-3932-47ed-a629-1b85f1f7ff9b,0000-0003-2925-2263
084ddc45-d436-47fb-a18a-537f5b247d16,0000-0003-3505-7325
0969f4ea-3021-4377-b27f-30b13723e4e3,0000-0002-3607-9609
09ed4d5d-7fcd-4ce3-9ba5-8cf42d57ee2c,0000-0002-8734-3123
0a4d8d4e-f881-48f5-82e8-20c2c635e8bd,0000-0002-0698-2864
0a4d8d4e-f881-48f5-82e8-20c2c635e8bd,0000-0003-0918-6297
0a4d8d4e-f881-48f5-82e8-20c2c635e8bd,0000-0003-1560-810X
0a6df4ad-d4be-4cbb-a2db-9b469c9af87f,0000-0001-8545-6047
0a6df4ad-d4be-4cbb-a2db-9b469c9af87f,0000-0003-0189-7377
0c153c45-3b7d-498e-8872-44b80cc7e27d,0000-0002-4311-7351
0c397b7e-a2d0-42df-9764-2ffb6a6b0422,0000-0002-6016-3747
0e15f053-4371-462d-8a6b-83723c7a6e1f,0000-0002-1694-0481
0f5f5b18-7f4b-46c9-9684-58a048066be8,0000-0002-4772-7675
0fbb6ce2-78e6-4081-bf7f-d2039d54d373,0000-0001-5747-2525
0fbb6ce2-78e6-4081-bf7f-d2039d54d373,0000-0002-0001-7473
0fbb6ce2-78e6-4081-bf7f-d2039d54d373,0000-0002-0739-2655
0fbb6ce2-78e6-4081-bf7f-d2039d54d373,0000-0002-2364-8892
0fbb6ce2-78e6-4081-bf7f-d2039d54d373,0000-0002-8527-9404
0fe1391e-b637-41d4-ac4f-37f6d24033d7,0000-0001-5199-9940
0fe1391e-b637-41d4-ac4f-37f6d24033d7,0000-0003-1531-3088
10b6a1bf-640b-47aa-b12c-854b0c598bdd,0000-0003-2367-3067
10d2b556-e421-4c81-a92b-45b651ae5268,0000-0001-7435-4088
10d2b556-e421-4c81-a92b-45b651ae5268,0000-0003-4945-3302
11544f02-05ea-4150-8312-fb4ca8fe859b,0000-0001-6213-3982
11544f02-05ea-4150-8312-fb4ca8fe859b,0000-0002-0739-9291
11544f02-05ea-4150-8312-fb4ca8fe859b,0000-0002-2802-9177
11544f02-05ea-4150-8312-fb4ca8fe859b,0000-0002-4109-3317
11544f02-05ea-4150-8312-fb4ca8fe859b,0000-0002-4616-0953
11544f02-05ea-4150-8312-fb4ca8fe859b,0000-0003-4350-9520
11544f02-05ea-4150-8312-fb4ca8fe859b,0000-0003-4373-2538
12606b04-096a-4398-81c0-c4d0e92dae12,0000-0002-1471-5440
12606b04-096a-4398-81c0-c4d0e92dae12,0000-0002-3285-1403
12606b04-096a-4398-81c0-c4d0e92dae12,0000-0002-6471-3689
12606b04-096a-4398-81c0-c4d0e92dae12,0000-0002-7735-1488
127c7212-74ac-447d-ba25-ad578e58ac66,0000-0001-5199-9940
13ba912b-032e-4c04-a9cc-2c7cbe2a9f4a,0000-0003-0918-6297
13c23bc0-ae5e-4e1c-aa49-a8ab2feb92c5,0000-0003-0184-1162
13c23bc0-ae5e-4e1c-aa49-a8ab2feb92c5,0000-0003-0771-4500
13c23bc0-ae5e-4e1c-aa49-a8ab2feb92c5,0000-0003-4018-0790
14288f84-0533-4b07-b4d1-bf90181bac6a,0000-0002-3607-9609
15abe345-831e-448a-a371-5fb1c4099094,0000-0001-6568-8596
15abe345-831e-448a-a371-5fb1c4099094,0009-0007-6782-5495
15c4d03c-3cf4-41ae-acf4-2d98d22586fa,0000-0002-6014-9048
15c8b22c-f3d1-4918-8024-b64550a738cb,0000-0002-7677-4972
15c8b22c-f3d1-4918-8024-b64550a738cb,0000-0003-1626-3860
15c8b22c-f3d1-4918-8024-b64550a738cb,0009-0008-0059-0529
15d21b0a-70ef-4cfb-9a0f-a91c1a03a8c4,0000-0002-2472-720X
15d21b0a-70ef-4cfb-9a0f-a91c1a03a8c4,0000-0002-7173-7224
15d21b0a-70ef-4cfb-9a0f-a91c1a03a8c4,0000-0002-7325-9908
15d21b0a-70ef-4cfb-9a0f-a91c1a03a8c4,0000-0002-8829-8205
16693d9f-07e1-4ff1-9ab6-87ca53305e1a,0000-0001-6360-6673
16693d9f-07e1-4ff1-9ab6-87ca53305e1a,0000-0002-2172-2905
16693d9f-07e1-4ff1-9ab6-87ca53305e1a,0000-0003-0630-8105
16a8a0b0-87cd-4551-8384-fbbdb55b5d1a,0000-0003-3505-7325
1b52786e-fd5a-4911-b22b-b491293956ba,0000-0002-3607-9609
1c2557a8-f152-46d0-a6a2-b6edaa3b0482,0000-0001-9469-2156
1cac4023-cce8-4205-8b71-75e79094dded,0000-0003-3758-5455
1cc92020-e859-4a43-ba7c-0b68f9498a70,0000-0003-0918-6297
1d7c95b3-7895-4504-982d-863c4934a464,0000-0003-3505-7325
1def7028-cbd8-415a-abb8-bf834bed58e1,0000-0001-5199-9940
1def7028-cbd8-415a-abb8-bf834bed58e1,0000-0002-9578-2556
1def7028-cbd8-415a-abb8-bf834bed58e1,0000-0003-3505-7325
1e041643-2846-4fd4-baeb-7dc761d1d7ab,0000-0003-3505-7325
1e922cb3-8513-4381-863c-24cf3acfe8bb,0000-0001-9135-4442
1e922cb3-8513-4381-863c-24cf3acfe8bb,0000-0002-3639-2574
1f360733-0a3c-4fb1-8ab2-6c5203e311ea,0000-0001-6324-8386
1f360733-0a3c-4fb1-8ab2-6c5203e311ea,0000-0001-8895-1289
1f360733-0a3c-4fb1-8ab2-6c5203e311ea,0000-0001-9761-1366
1f360733-0a3c-4fb1-8ab2-6c5203e311ea,0000-0002-4070-3531
1f360733-0a3c-4fb1-8ab2-6c5203e311ea,0000-0002-4354-4353
1f360733-0a3c-4fb1-8ab2-6c5203e311ea,0000-0003-3868-392X
200cc792-4a4f-4122-912f-6fbb5f899e5a,0000-0003-3505-7325
21169f28-9bdf-425d-bffb-68aeed47c390,0000-0003-3505-7325
21b43f26-5753-4c78-a45a-1b6b4bf2d44b,0000-0002-8734-3123
21fb644f-36c2-44af-81ca-381dd0a36f9d,0000-0002-3921-9566
21fb644f-36c2-44af-81ca-381dd0a36f9d,0000-0002-4138-5213
21fb644f-36c2-44af-81ca-381dd0a36f9d,0000-0002-5141-4815
21fb644f-36c2-44af-81ca-381dd0a36f9d,0000-0002-8706-9902
21fb644f-36c2-44af-81ca-381dd0a36f9d,0000-0002-9620-1514
21fb644f-36c2-44af-81ca-381dd0a36f9d,0000-0003-0810-0308
21fb644f-36c2-44af-81ca-381dd0a36f9d,0000-0003-2512-2445
21fb644f-36c2-44af-81ca-381dd0a36f9d,0000-0003-2824-4106
21fb644f-36c2-44af-81ca-381dd0a36f9d,0000-0003-4411-8898
21fb644f-36c2-44af-81ca-381dd0a36f9d,0000-0003-4622-0482
234ef5a2-79a1-429f-8b1a-9d9d5d1ddbf8,0000-0001-6551-5695
234ef5a2-79a1-429f-8b1a-9d9d5d1ddbf8,0000-0002-4354-4353
234ef5a2-79a1-429f-8b1a-9d9d5d1ddbf8,0000-0002-9647-8839
237cec6d-3ae5-43e9-8cbd-ae45605f5296,0000-0001-5839-0177
237cec6d-3ae5-43e9-8cbd-ae45605f5296,0000-0002-0938-0340
24a4ce6c-9f6b-4c0d-9a85-b6168138b983,0000-0001-6869-545X
24dea2a0-39bf-4a15-bf41-ed46c530f679,0000-0003-1560-810X
24ff2bfc-384c-41f9-86ee-0b7919d38b87,0000-0002-0302-6658
256b30ce-d645-4997-a7a0-8aa0ce91daec,0000-0002-2509-1418
25a28ec2-f9a8-412f-a6e8-6808b66ef957,0000-0002-9835-4354
25a28ec2-f9a8-412f-a6e8-6808b66ef957,0000-0003-1160-8727
25a28ec2-f9a8-412f-a6e8-6808b66ef957,0000-0003-4417-7767
25e0b97e-d8c9-485a-b5c4-48f3321057d3,0000-0002-6403-9022
271c44f4-0a09-4761-a5d4-769a1536e3aa,0000-0002-3285-6263
271c44f4-0a09-4761-a5d4-769a1536e3aa,0000-0002-8092-5163
27592af1-c084-42a0-919d-3898ac83e66e,0000-0002-9857-5632
27b8ea9c-13c9-4aa8-a4e1-13cfdb9f14a8,0000-0003-0184-1162
27b8ea9c-13c9-4aa8-a4e1-13cfdb9f14a8,0000-0003-0771-4500
27b8ea9c-13c9-4aa8-a4e1-13cfdb9f14a8,0000-0003-4018-0790
28384b4c-ee8a-4d38-886a-baee369430d9,0000-0002-8734-3123
289a72e9-58be-47c1-bbdd-2bf04141c303,0000-0002-8734-3123
2c17f16d-9595-4804-8222-68c2636b8ea6,0000-0001-6869-545X
2d97d909-7d41-4024-b2a4-e8893d7c1f24,0000-0001-6388-7241
2d97d909-7d41-4024-b2a4-e8893d7c1f24,0000-0002-8706-9902
2d97d909-7d41-4024-b2a4-e8893d7c1f24,0000-0002-9620-1514
2d97d909-7d41-4024-b2a4-e8893d7c1f24,0000-0003-0810-0308
2d97d909-7d41-4024-b2a4-e8893d7c1f24,0000-0003-2824-4106
2d97d909-7d41-4024-b2a4-e8893d7c1f24,0000-0003-3414-5155
2d97d909-7d41-4024-b2a4-e8893d7c1f24,0000-0003-4622-0482
2ddc1f8f-bb4a-4c9e-ad4f-af551a6ecf54,0000-0001-5621-8461
2ddc1f8f-bb4a-4c9e-ad4f-af551a6ecf54,0000-0001-6034-5498
2ddc1f8f-bb4a-4c9e-ad4f-af551a6ecf54,0000-0002-5644-3316
2ddc1f8f-bb4a-4c9e-ad4f-af551a6ecf54,0000-0002-6994-7206
2ddc1f8f-bb4a-4c9e-ad4f-af551a6ecf54,0000-0003-1400-5825
2e274ab8-7422-4c17-8ceb-823531781b1b,0000-0003-4823-6912
2ef44346-53a9-4661-9ca9-b628bd943dc5,0000-0001-5199-9940
2ef44346-53a9-4661-9ca9-b628bd943dc5,0000-0003-1531-3088
3040bf2b-6d68-4420-9610-18ef03a3230b,0000-0002-3639-2574
306b75c2-e850-4c0a-bd2d-b735f5686b51,0000-0002-5141-4815
306feefb-6f81-4a84-9eb9-f9649fc2c9da,0000-0003-1359-3944
306feefb-6f81-4a84-9eb9-f9649fc2c9da,0000-0003-2599-5983
3099f1e1-a112-4702-b64a-08a667b32905,0000-0001-9239-8789
3099f1e1-a112-4702-b64a-08a667b32905,0000-0002-8524-0569
30ad712e-b796-4776-9557-93c2c603f36c,0000-0002-6014-9048
316edbe7-32c2-4e3f-8300-f26fd5865a62,0000-0001-6866-2332
316edbe7-32c2-4e3f-8300-f26fd5865a62,0000-0002-3639-2574
32c25df1-49cb-4c5d-9a6b-b199e31340b1,0000-0003-0446-7153
32c25df1-49cb-4c5d-9a6b-b199e31340b1,0000-0003-2139-8575
32e2736d-a903-44a2-8a3c-658fd4b4fee4,0000-0002-1528-3440
32e2736d-a903-44a2-8a3c-658fd4b4fee4,0000-0002-3074-4946
330edff2-1d63-46c0-b12e-86b67a8528d7,0000-0002-6031-4613
330edff2-1d63-46c0-b12e-86b67a8528d7,0000-0003-3513-6568
33161006-051a-46b2-9965-3775ceff8b5b,0000-0001-9411-7565
33161006-051a-46b2-9965-3775ceff8b5b,0000-0002-6050-5233
33f4e8cd-6c31-44b7-815b-e90a66c601f6,0000-0003-0813-3994
36288e5c-c60f-4788-a827-a4888279bdd4,0000-0001-7651-708X
36288e5c-c60f-4788-a827-a4888279bdd4,0000-0002-2364-8892
36288e5c-c60f-4788-a827-a4888279bdd4,0000-0002-3628-5568
36288e5c-c60f-4788-a827-a4888279bdd4,0000-0002-6433-7767
36288e5c-c60f-4788-a827-a4888279bdd4,0000-0002-6727-284X
36288e5c-c60f-4788-a827-a4888279bdd4,0000-0002-8678-8489
36288e5c-c60f-4788-a827-a4888279bdd4,0000-0002-9247-702X
36aeaf19-8aed-4859-84a4-c39f72df1402,0000-0003-0738-2593
3701bbed-8683-4ed6-a4e9-1e23b4c6c542,0000-0002-8734-3123
37764e7a-26dd-4f13-b3d6-f4b82fb64180,0000-0001-7418-3581
390c16a7-8d8c-4c7c-9d0e-015c362d0c34,0000-0002-6016-3747
39a9b1c1-14da-4397-8cf8-38f0fbe41959,0000-0001-5841-2815
39a9b1c1-14da-4397-8cf8-38f0fbe41959,0000-0002-8988-330X
39a9b1c1-14da-4397-8cf8-38f0fbe41959,0000-0002-9140-7222
39a9b1c1-14da-4397-8cf8-38f0fbe41959,0000-0003-4592-8171
3a211767-cb3c-43e0-b52e-ed2277ea4e12,0000-0001-5199-9940
3a211767-cb3c-43e0-b52e-ed2277ea4e12,0000-0002-9578-2556
3a211767-cb3c-43e0-b52e-ed2277ea4e12,0000-0003-3505-7325
3a2ea9db-9884-44e2-a3b9-9e326a6ec887,0000-0001-5205-3620
3a2ea9db-9884-44e2-a3b9-9e326a6ec887,0000-0001-8078-2089
3a2ea9db-9884-44e2-a3b9-9e326a6ec887,0000-0002-4803-1987
3a2ea9db-9884-44e2-a3b9-9e326a6ec887,0000-0002-8710-6662
3a2ea9db-9884-44e2-a3b9-9e326a6ec887,0000-0002-8988-330X
3a2ea9db-9884-44e2-a3b9-9e326a6ec887,0000-0003-0193-3251
3a2ea9db-9884-44e2-a3b9-9e326a6ec887,0000-0003-4592-8171
3afb333d-230f-4829-91bb-d4dd41bfdcfa,0000-0003-0918-6297
3c10cea7-2634-435f-a206-9944f3269668,0000-0001-7013-0888
3c10cea7-2634-435f-a206-9944f3269668,0000-0002-2679-9055
3c10cea7-2634-435f-a206-9944f3269668,0000-0002-2681-039X
3c10cea7-2634-435f-a206-9944f3269668,0000-0002-5697-2568
3c23ef7a-45e8-47a0-b635-ce39006d2ba7,0000-0002-0698-2864
3c23ef7a-45e8-47a0-b635-ce39006d2ba7,0000-0003-1560-810X
3c26ff86-b869-4b86-952e-9e5b2771db81,0000-0002-0302-6658
3c5ba9d0-c4f4-43c5-975e-926548b1f48b,0000-0002-6879-8632
3c5ba9d0-c4f4-43c5-975e-926548b1f48b,0000-0003-3538-0106
3ce1c31d-5f32-41d8-959d-2eb06806da58,0000-0001-9421-527X
3ce1c31d-5f32-41d8-959d-2eb06806da58,0000-0003-3193-0377
3ce1c31d-5f32-41d8-959d-2eb06806da58,0000-0003-4018-0790
3d3b1ae2-5a55-409b-8980-813781beb217,0000-0001-5161-2558
3d5ea5cb-bb3f-4865-9044-78446801f97b,0000-0001-7620-1245 
3d5ea5cb-bb3f-4865-9044-78446801f97b,0000-0002-6403-9022
3d5ea5cb-bb3f-4865-9044-78446801f97b,0000-0003-3430-5163 
3dd16f90-86a1-408f-8e60-3fbad9138018,0000-0002-6016-3747
3df855f2-6bee-45be-85cb-c92408ac16d0,0000-0002-0543-070X
3df855f2-6bee-45be-85cb-c92408ac16d0,0000-0002-8570-241X
3e14711e-4f9e-41e6-b45d-063ef8e1af5c,0000-0001-7172-3589
3e14711e-4f9e-41e6-b45d-063ef8e1af5c,0000-0002-9493-8600
3e21f62f-f7f4-40bc-87e3-dedb0a6a251a,0000-0002-3489-6584
3e35417f-2b91-4a28-8465-a068c4a90567,0000-0002-7677-4972
3e35417f-2b91-4a28-8465-a068c4a90567,0000-0003-1626-3860
3e35417f-2b91-4a28-8465-a068c4a90567,0009-0008-0059-0529
3ed950c4-eab3-434a-aec4-ed0d2b9c7e31,0000-0002-8734-3123
3f34eb40-8bee-432c-bc9a-daad56ef07bb,0000-0003-3505-7325
3fd7b5ae-8ab0-4c52-8994-2e84b311e2b6,0000-0001-5199-9940
3fd7b5ae-8ab0-4c52-8994-2e84b311e2b6,0000-0003-1531-3088
40375219-aae0-49ac-9ce0-1617d8a3c240,0000-0002-8734-3123
40c4b7a8-a954-48ee-ba35-688e8183b806,0000-0002-2802-9177
40c4b7a8-a954-48ee-ba35-688e8183b806,0000-0002-4616-0953
4117332c-5d9b-42b4-b868-3516f4e6ca79,0000-0001-5199-9940
4117332c-5d9b-42b4-b868-3516f4e6ca79,0000-0003-1531-3088
414738c2-811e-43d9-b38c-206bd96fc903,0000-0002-1409-1586
414738c2-811e-43d9-b38c-206bd96fc903,0000-0003-1359-3944
414738c2-811e-43d9-b38c-206bd96fc903,0000-0003-2599-5983
426c6abb-123c-4852-828c-88f599ce02d9,0000-0002-3921-9566
426c6abb-123c-4852-828c-88f599ce02d9,0000-0002-4138-5213
426c6abb-123c-4852-828c-88f599ce02d9,0000-0002-5141-4815
426c6abb-123c-4852-828c-88f599ce02d9,0000-0002-8706-9902
426c6abb-123c-4852-828c-88f599ce02d9,0000-0002-9620-1514
426c6abb-123c-4852-828c-88f599ce02d9,0000-0003-0810-0308
426c6abb-123c-4852-828c-88f599ce02d9,0000-0003-2512-2445
426c6abb-123c-4852-828c-88f599ce02d9,0000-0003-2824-4106
426c6abb-123c-4852-828c-88f599ce02d9,0000-0003-4411-8898
426c6abb-123c-4852-828c-88f599ce02d9,0000-0003-4622-0482
4389ae0c-4e90-4b80-a47a-dc17525e469c,0000-0001-7635-0128
4389ae0c-4e90-4b80-a47a-dc17525e469c,0000-0002-3732-6368
4389ae0c-4e90-4b80-a47a-dc17525e469c,0000-0002-7441-8552
43aa172c-8a59-4349-b570-a4be87f3a560,0000-0002-7118-9328
445ef89f-97cc-4441-aea2-7f7b7412b858,0000-0002-1471-5440
445ef89f-97cc-4441-aea2-7f7b7412b858,0000-0002-2476-2128
445ef89f-97cc-4441-aea2-7f7b7412b858,0000-0002-3285-1403
445ef89f-97cc-4441-aea2-7f7b7412b858,0000-0002-5232-1995
4500197b-2fbe-47ee-a24c-73726f0b1815,0000-0002-8734-3123
4536c78f-fb9b-466f-8926-2b8253c88d4d,0000-0001-5140-8602
4536c78f-fb9b-466f-8926-2b8253c88d4d,0000-0003-3334-2771
454b5df5-3070-4f0b-a553-f44578f8d2fa,0000-0003-3076-1946
4608a35d-3824-4d60-a0a4-cc7c2f2b2fa8,0000-0003-0918-6297
46f468f1-287c-42da-8b79-5699b3670f71,0000-0003-2599-5983
4786a526-f6df-460a-a831-6b99aebee431,0000-0001-5199-9940
4786a526-f6df-460a-a831-6b99aebee431,0000-0003-1531-3088
47d3d35b-51dc-4240-98a9-24fb951c6c7b,0000-0001-5037-8798
481f82b2-d0c6-42e4-9fa2-80b1d19d47d8,0000-0002-4354-4353
481f82b2-d0c6-42e4-9fa2-80b1d19d47d8,0000-0002-9647-8839
485d29c2-fe3c-4dff-8ee4-009e8d2aa7ae,0000-0002-1823-4484
485d29c2-fe3c-4dff-8ee4-009e8d2aa7ae,0000-0002-2924-7272
485d29c2-fe3c-4dff-8ee4-009e8d2aa7ae,0000-0002-5603-6390
485d29c2-fe3c-4dff-8ee4-009e8d2aa7ae,0000-0002-7735-2739
485d29c2-fe3c-4dff-8ee4-009e8d2aa7ae,0000-0002-9260-0753
485d29c2-fe3c-4dff-8ee4-009e8d2aa7ae,0000-0002-9292-4010
485d29c2-fe3c-4dff-8ee4-009e8d2aa7ae,0000-0003-3236-2789
48aab805-d955-4946-8e06-921042ee60c7,0000-0002-5141-4815
48c88f80-2a0c-46ff-a3da-3c4d81454ad8,0000-0002-0195-5357
48c88f80-2a0c-46ff-a3da-3c4d81454ad8,0000-0003-2836-0924
490a98a9-24c4-4c3a-ac03-68c52595293c,0000-0002-2802-9177
490a98a9-24c4-4c3a-ac03-68c52595293c,0000-0002-4616-0953
490a98a9-24c4-4c3a-ac03-68c52595293c,0000-0002-5781-238X
492dc42e-df6c-4cba-bb4c-5562689627e6,0000-0002-8734-3123
4a5b1066-7eef-4963-999e-5d8bbdb561e0,0000-0002-8734-3123
4a5ca3e1-10fa-4a45-bb65-543c3d1e8f19,0000-0002-1409-1586
4a5ca3e1-10fa-4a45-bb65-543c3d1e8f19,0000-0003-1359-3944
4a5ca3e1-10fa-4a45-bb65-543c3d1e8f19,0000-0003-2599-5983
4ab90ce6-b514-487e-9e0a-1405b09465aa,0000-0001-5199-9940
4ab90ce6-b514-487e-9e0a-1405b09465aa,0000-0002-9578-2556
4ab90ce6-b514-487e-9e0a-1405b09465aa,0000-0003-3505-7325
4c730b5c-9c0c-4b67-8c2a-15c63de693a3,0000-0002-4803-2867
4c78434a-2e90-49dd-b46e-9e96e95c906c,0000-0003-3505-7325
4ce41b70-6175-428e-b7a4-8c52d6ceda60,0000-0002-8734-3123
4d03c927-1877-4459-95a2-4a248e502765,0000-0002-8734-3123
4d9fe52c-157b-4a34-9e8c-465713020493,0000-0002-3489-6584
4da0a83d-cd1c-4686-91ae-830d8201815e,0000-0002-8250-6253
4da0a83d-cd1c-4686-91ae-830d8201815e,0000-0002-8749-4597
4e1596b9-90da-4011-bfeb-51e52c5d27b0,0000-0002-8734-3123
4e5669cf-dad0-4797-86ed-5c05b650e387,0000-0002-6403-9022 
4e5669cf-dad0-4797-86ed-5c05b650e387,0000-0003-1480-9161
4e5669cf-dad0-4797-86ed-5c05b650e387,0000-0003-2041-9987
4e5669cf-dad0-4797-86ed-5c05b650e387,0009-0008-3231-5476
4e81c650-6b82-4a0a-bf3c-ab81394cf8df,0000-0001-5464-0714
4e81c650-6b82-4a0a-bf3c-ab81394cf8df,0000-0001-8194-8079
4e81c650-6b82-4a0a-bf3c-ab81394cf8df,0000-0002-9835-4354
4e81c650-6b82-4a0a-bf3c-ab81394cf8df,0000-0003-1160-8727
4f3d3a68-3c1d-467c-9d82-4bed6d9b8aff,0000-0003-0918-6297
4f50fe06-9047-4a92-a953-2ccb04af9bcf,0000-0002-8734-3123
4f8239e5-edb5-442c-906b-f49baddf5e0b,0000-0003-3505-7325
5019827d-3313-4cdf-9f31-d034fe99c543,0000-0001-5199-9940
5019827d-3313-4cdf-9f31-d034fe99c543,0000-0003-1531-3088
5281c815-bd29-4e9d-a14d-9ffd75eccc29,0000-0001-5199-9940
5281c815-bd29-4e9d-a14d-9ffd75eccc29,0000-0002-0702-6209
5281c815-bd29-4e9d-a14d-9ffd75eccc29,0000-0002-9578-2556
5281c815-bd29-4e9d-a14d-9ffd75eccc29,0000-0003-1531-3088
52b3d4fd-cfef-491f-af7b-2e2899409c56,0000-0002-4504-5654
52f27d0e-7c89-4a2d-bd2e-4b79e9269f3c,0000-0003-0184-1162
52f27d0e-7c89-4a2d-bd2e-4b79e9269f3c,0000-0003-0771-4500
52f27d0e-7c89-4a2d-bd2e-4b79e9269f3c,0000-0003-4018-0790
54d31417-e8d8-40c4-9e04-7feb44c20d50,0000-0003-0184-1162
54d31417-e8d8-40c4-9e04-7feb44c20d50,0000-0003-0771-4500
54d31417-e8d8-40c4-9e04-7feb44c20d50,0000-0003-4018-0790
54ee8108-ccaa-4368-9565-b08d2896f636,0000-0002-8988-330X
550147ac-6b2b-4098-a31a-45ad65b1384a,0000-0001-5338-1538
550147ac-6b2b-4098-a31a-45ad65b1384a,0000-0002-4645-4601
550147ac-6b2b-4098-a31a-45ad65b1384a,0000-0002-6702-3587
550147ac-6b2b-4098-a31a-45ad65b1384a,0000-0003-1508-5900
5516d37f-4786-4685-9545-4d6a9eebf55f,0000-0001-6231-6957
5516d37f-4786-4685-9545-4d6a9eebf55f,0000-0001-8895-1289
5516d37f-4786-4685-9545-4d6a9eebf55f,0000-0002-4354-4353
5516d37f-4786-4685-9545-4d6a9eebf55f,0000-0002-9647-8839
564ebfa1-24d0-41ab-b95b-ab9874c40bbb,0000-0002-0611-4637
56981354-db47-419d-a4dd-e9449c6df126,0000-0003-3505-7325
589c0f21-ca2a-4e57-bb6e-86d1b788d102,0000-0003-0180-9859
589c0f21-ca2a-4e57-bb6e-86d1b788d102,0000-0003-4019-6178
59d595ab-6c09-455c-b0a7-e24ba1ac94d9,0000-0002-0191-7211
59d595ab-6c09-455c-b0a7-e24ba1ac94d9,0000-0002-7333-2589
5a41fefe-6b9c-4f47-9863-7e748d308c0c,0000-0001-7651-708X
5a41fefe-6b9c-4f47-9863-7e748d308c0c,0000-0002-0118-8223
5a41fefe-6b9c-4f47-9863-7e748d308c0c,0000-0002-2355-8053
5a41fefe-6b9c-4f47-9863-7e748d308c0c,0000-0002-2364-8892
5a41fefe-6b9c-4f47-9863-7e748d308c0c,0000-0002-3628-5568
5a41fefe-6b9c-4f47-9863-7e748d308c0c,0000-0002-6433-7767
5a41fefe-6b9c-4f47-9863-7e748d308c0c,0000-0002-7878-0110
5a41fefe-6b9c-4f47-9863-7e748d308c0c,0000-0002-8894-3294
5a6be882-e1da-4ae1-8cf8-3add9abbe516,0000-0002-5080-6075
5a6be882-e1da-4ae1-8cf8-3add9abbe516,0000-0003-2114-8146
5bf43f94-7e1e-4c12-9080-b90d3036734f,0000-0003-0738-2593
5c459822-ee63-41d3-9e79-c88bdbe86810,0000-0001-8698-1257
5c459822-ee63-41d3-9e79-c88bdbe86810,0000-0002-0695-5110
5c459822-ee63-41d3-9e79-c88bdbe86810,0000-0002-5811-3492
5c9fa84f-60f0-484e-a112-b161b33c9521,0000-0002-5141-4815
5cb5c06c-423b-493c-aad6-2f4054c6b1f0,0000-0002-3921-9566
5cb5c06c-423b-493c-aad6-2f4054c6b1f0,0000-0002-4138-5213
5cb5c06c-423b-493c-aad6-2f4054c6b1f0,0000-0002-5141-4815
5cb5c06c-423b-493c-aad6-2f4054c6b1f0,0000-0002-8706-9902
5cb5c06c-423b-493c-aad6-2f4054c6b1f0,0000-0002-9620-1514
5cb5c06c-423b-493c-aad6-2f4054c6b1f0,0000-0003-0810-0308
5cb5c06c-423b-493c-aad6-2f4054c6b1f0,0000-0003-2512-2445
5cb5c06c-423b-493c-aad6-2f4054c6b1f0,0000-0003-2824-4106
5cb5c06c-423b-493c-aad6-2f4054c6b1f0,0000-0003-4411-8898
5cb5c06c-423b-493c-aad6-2f4054c6b1f0,0000-0003-4622-0482
5e366399-2975-4c6a-be26-4de85ccb4c75,0000-0001-5302-2367
5ea932c1-ab73-4cef-b0dd-fc5e642fa356,0000-0002-5080-6075
5ea932c1-ab73-4cef-b0dd-fc5e642fa356,0000-0003-2114-8146
5ec324b1-3388-4470-885e-1341f6387cf5,0000-0002-5080-6075
5ec324b1-3388-4470-885e-1341f6387cf5,0000-0003-1364-0958
5f2180c2-be1d-45c3-a3c3-831f400b2f81,0000-0002-8734-3123
5f2180c2-be1d-45c3-a3c3-831f400b2f81,0000-0003-1160-8727
5f2180c2-be1d-45c3-a3c3-831f400b2f81,0000-0003-1702-8707
5fe7cd7f-ba9a-4e49-a692-c6f5b1f04f3e,0000-0002-2802-9177
5fe7cd7f-ba9a-4e49-a692-c6f5b1f04f3e,0000-0002-4616-0953
5fe7cd7f-ba9a-4e49-a692-c6f5b1f04f3e,0000-0002-5781-238X
606fb904-272e-4274-ba12-9df6c8301b6a,0000-0002-0161-1888
608c3c65-fe2d-477d-8fd5-1ec248ae3e5d,0000-0002-8734-3123
60ac6abd-ebe3-475a-af4f-f25e4c3ab015,0000-0003-2756-0465
60e002e5-ddf0-4684-bd0a-106e83041046,0000-0003-3505-7325
6151dbf0-debf-4045-924f-c0e7956addd9,0000-0002-5141-4815
61d76cfb-a16c-4950-9dc8-8a553d0a068c,0000-0002-2364-8892
62bd00a3-88a4-4f28-b3bb-90b6db6f7b44,0000-0002-3285-6263
62bd00a3-88a4-4f28-b3bb-90b6db6f7b44,0000-0002-8092-5163
636dea8d-5136-46a6-a006-e020ec121ce0,0000-0001-6112-2499
64fd1c85-ceda-4237-a624-fa9dd1766302,0000-0001-5199-9940
64fd1c85-ceda-4237-a624-fa9dd1766302,0000-0003-1531-3088
650868f5-12bb-4e98-a1bc-c175e25cc111,0000-0002-6490-4100 
6509e4fb-6b00-47f4-a2c0-35e8b69f36fb,0000-0002-8734-3123
66060ff3-c2f0-4926-ab1a-620d10a6e49f,0000-0003-3505-7325
672f2339-c57f-48f5-a681-b62acc50f488,0000-0001-9576-8845
672f2339-c57f-48f5-a681-b62acc50f488,0000-0003-1160-8727 
67f2eec8-f745-44ef-9766-b840b41676cb,0000-0002-3607-9609
689ef27b-f3e2-44fe-94a1-304ed58d39b9,0000-0001-5199-9940
689ef27b-f3e2-44fe-94a1-304ed58d39b9,0000-0002-0702-6209
689ef27b-f3e2-44fe-94a1-304ed58d39b9,0000-0003-1531-3088
68b7c83e-e045-4d8c-9972-4e24611140e8,0000-0002-2364-8892
68b7c83e-e045-4d8c-9972-4e24611140e8,0000-0002-9247-702X
68d2d61a-767d-4ce3-a2fd-a4fd7db9146f,0000-0002-5080-6075
68d2d61a-767d-4ce3-a2fd-a4fd7db9146f,0000-0003-2114-8146
6a85aa5b-29a6-458d-9f6f-58493f800e49,0000-0003-1166-8973
6b3d56db-2a25-45d7-ada6-4d3fa4f70dde,0000-0001-6112-2499
6bad27af-5c5a-4c14-886d-138fe6f60a28,0000-0001-5037-8798
6ea24050-f15b-476a-ab5a-8288a712650c,0000-0003-3453-4871
6f0ba6de-7b20-4823-81ff-e35579e1079c,0000-0002-8734-3123
6fd7726d-5d42-41aa-9a8a-de3cc6ff0ac0,0000-0002-2364-8892
706ef1e2-cbc9-42b0-8cc8-30ebea0fd826,0000-0001-6828-1898
719a7465-d9c3-471c-9b11-1b3e67bff813,0000-0001-9063-2703
719a7465-d9c3-471c-9b11-1b3e67bff813,0000-0003-3404-1452
719a7465-d9c3-471c-9b11-1b3e67bff813,0000-0003-4512-0367
726e09dc-a78a-4276-ae15-a7bc5273cff3,0000-0002-3489-6584
72ae5dd7-95b3-47a5-81e8-61ede7fdb9d8,0000-0001-7651-708X
72ae5dd7-95b3-47a5-81e8-61ede7fdb9d8,0000-0002-0001-7473
72ae5dd7-95b3-47a5-81e8-61ede7fdb9d8,0000-0002-0118-8223
72ae5dd7-95b3-47a5-81e8-61ede7fdb9d8,0000-0002-0739-2655
72ae5dd7-95b3-47a5-81e8-61ede7fdb9d8,0000-0002-2364-8892
72ae5dd7-95b3-47a5-81e8-61ede7fdb9d8,0000-0002-2776-0750
72ae5dd7-95b3-47a5-81e8-61ede7fdb9d8,0000-0002-4257-4235 
73531d6c-05d7-4f39-b36d-b478f67b0487,0000-0001-6633-3439
73531d6c-05d7-4f39-b36d-b478f67b0487,0000-0003-2953-9686
73569927-95db-404e-b34d-6c34ae666041,0000-0001-6112-2499
73569927-95db-404e-b34d-6c34ae666041,0000-0002-0739-2655
73569927-95db-404e-b34d-6c34ae666041,0000-0002-2364-8892
73569927-95db-404e-b34d-6c34ae666041,0000-0002-7624-4752
73569927-95db-404e-b34d-6c34ae666041,0000-0002-7878-0110
73569927-95db-404e-b34d-6c34ae666041,0000-0003-0113-8311
73569927-95db-404e-b34d-6c34ae666041,0000-0003-0171-9036
73569927-95db-404e-b34d-6c34ae666041,0000-0003-1806-4507
7389ccb5-a203-437e-ae59-13eba45c28e0,0000-0001-9411-7565
73d4d0ec-669e-48e4-a6f7-347a98e53306,0000-0002-0302-6658
741ae873-f072-4b48-b55b-1f5cb2304878,0000-0001-6213-3982
741ae873-f072-4b48-b55b-1f5cb2304878,0000-0002-0739-9291
741ae873-f072-4b48-b55b-1f5cb2304878,0000-0002-2802-9177
741ae873-f072-4b48-b55b-1f5cb2304878,0000-0002-4109-3317
741ae873-f072-4b48-b55b-1f5cb2304878,0000-0002-4616-0953
741ae873-f072-4b48-b55b-1f5cb2304878,0000-0003-4350-9520
741ae873-f072-4b48-b55b-1f5cb2304878,0000-0003-4373-2538
74639799-9777-4612-bc80-5113479d9108,0000-0002-8665-4974
749a884a-898c-4086-af91-fc9ff43984c2,0000-0002-5065-469X
749a884a-898c-4086-af91-fc9ff43984c2,0000-0003-0175-6216
74c05a4c-b5b3-4e7f-8871-bc8555bc8110,0000-0002-4406-9654
74d6f839-abb3-4d9a-a3aa-12ca5f8c1660,0000-0001-9335-1093
74d6f839-abb3-4d9a-a3aa-12ca5f8c1660,0000-0002-2329-8511
763971a4-5a1c-4cc5-8e62-99a1961bfc48,0000-0002-1409-1586
763971a4-5a1c-4cc5-8e62-99a1961bfc48,0000-0003-1359-3944
763971a4-5a1c-4cc5-8e62-99a1961bfc48,0000-0003-2599-5983
772af649-1491-4c17-b41c-2e70f585ed0c,0000-0001-6213-3982
772af649-1491-4c17-b41c-2e70f585ed0c,0000-0002-0739-9291
772af649-1491-4c17-b41c-2e70f585ed0c,0000-0002-2802-9177
772af649-1491-4c17-b41c-2e70f585ed0c,0000-0002-4109-3317
772af649-1491-4c17-b41c-2e70f585ed0c,0000-0002-4616-0953
772af649-1491-4c17-b41c-2e70f585ed0c,0000-0003-4350-9520
772af649-1491-4c17-b41c-2e70f585ed0c,0000-0003-4373-2538
77849e2e-b89c-47d6-887c-e1ac5e5e5e5d,0000-0001-7832-5938
77849e2e-b89c-47d6-887c-e1ac5e5e5e5d,0000-0002-4248-0730
77849e2e-b89c-47d6-887c-e1ac5e5e5e5d,0000-0002-7441-8552
789123a9-d285-47bd-be39-424e602c4571,0000-0002-5080-6075
789123a9-d285-47bd-be39-424e602c4571,0000-0003-2114-8146
78c83ea8-0167-4661-b140-ec23e39735e9,0000-0002-8734-3123
78f34acd-ab5d-419a-a2c9-e10b7378b491,0000-0002-0161-1888
78f34acd-ab5d-419a-a2c9-e10b7378b491,0000-0002-3637-3154
78f34acd-ab5d-419a-a2c9-e10b7378b491,0000-0002-6014-9048
7952cc3b-3afc-4707-9aee-379a7a203b17,0000-0001-6298-2327
7acc60dc-7cb9-4418-870e-9cc6bc41c2c8,0000-0001-6213-3982
7acc60dc-7cb9-4418-870e-9cc6bc41c2c8,0000-0002-0739-9291
7acc60dc-7cb9-4418-870e-9cc6bc41c2c8,0000-0002-2802-9177
7acc60dc-7cb9-4418-870e-9cc6bc41c2c8,0000-0002-4109-3317
7acc60dc-7cb9-4418-870e-9cc6bc41c2c8,0000-0002-4616-0953
7acc60dc-7cb9-4418-870e-9cc6bc41c2c8,0000-0003-4350-9520
7acc60dc-7cb9-4418-870e-9cc6bc41c2c8,0000-0003-4373-2538
7af644c9-9e5e-45be-9305-627d3195ec9e,0000-0002-5141-4815
7c082061-6ceb-41ee-9209-10f196252848,0000-0003-3719-9626
7c5ab9d5-04ea-44d6-992b-05600ada9c15,0000-0001-5205-3620
7c5ab9d5-04ea-44d6-992b-05600ada9c15,0000-0002-8988-330X
7c5ab9d5-04ea-44d6-992b-05600ada9c15,0000-0002-9140-7222
7c5ab9d5-04ea-44d6-992b-05600ada9c15,0000-0003-0803-833X
7c5ab9d5-04ea-44d6-992b-05600ada9c15,0000-0003-4592-8171
7c894cbd-35c3-4ae2-a56e-1b0365875ba4,0000-0002-4680-7534
7cd16f2d-9570-44c6-888a-5d1f43043c67,0000-0002-8734-3123
7d011650-9cbb-48ef-8225-cf2f7398799a,0000-0002-6014-9048
7d22cd35-0c91-4716-914b-c443fc8f4482,0000-0003-3505-7325
7e129911-4bed-4a69-8abd-675267347762,0000-0001-6388-7241
7e129911-4bed-4a69-8abd-675267347762,0000-0002-8706-9902
7e129911-4bed-4a69-8abd-675267347762,0000-0002-9620-1514
7e129911-4bed-4a69-8abd-675267347762,0000-0003-0810-0308
7e129911-4bed-4a69-8abd-675267347762,0000-0003-2824-4106
7e129911-4bed-4a69-8abd-675267347762,0000-0003-3414-5155
7e129911-4bed-4a69-8abd-675267347762,0000-0003-4622-0482
7ecb42de-b36d-457e-bfa6-4e83486ad900,0000-0001-9411-7565
7ecb42de-b36d-457e-bfa6-4e83486ad900,0000-0002-6050-5233
7f0f3196-00a4-40bb-98fb-5d0b8777d7a8,0000-0001-9863-9408
7f0f3196-00a4-40bb-98fb-5d0b8777d7a8,0000-0002-0484-541X
7f0f3196-00a4-40bb-98fb-5d0b8777d7a8,0000-0002-6672-2183
7f0f3196-00a4-40bb-98fb-5d0b8777d7a8,0000-0002-8194-6767
7f0f3196-00a4-40bb-98fb-5d0b8777d7a8,0000-0003-1749-5882
8019d37d-489d-4c25-944d-ee33733b7df4,0000-0001-7651-708X
801c7370-f615-41f3-afa8-80e7425827cf,0000-0001-7430-3694
80f827ec-0343-42d3-9841-5fa59f5e830d,0000-0002-9857-5632
81526280-9dab-44c6-9047-44256fef9ac1,0000-0002-1333-7249
819af562-f7f4-4908-8d07-1e4bda908128,0000-0003-1340-4330
82857846-446b-4335-8e6f-436e441ffe3c,0000-0002-5141-4815
829c7787-446b-47c1-bb65-27480c667adb,0000-0002-0388-7220
829c7787-446b-47c1-bb65-27480c667adb,0000-0002-1392-2464
829c7787-446b-47c1-bb65-27480c667adb,0000-0002-5074-3254
82ddcb20-a582-4b24-b19f-d98e7b687e8f,0000-0002-0161-1888
839f677d-4e97-4f7d-aea1-cb35947368e2,0000-0002-8734-3123
842845d4-e0a6-4639-907b-4e9c33afb97b,0000-0002-3285-6263
842845d4-e0a6-4639-907b-4e9c33afb97b,0000-0002-8092-5163
860d56cc-7e38-4d6d-8f87-ac93455ca7ce,0000-0002-6016-3747
861e7d0d-1cab-4d68-8b29-1054f2eb7d37,0000-0003-3505-7325
86332a2c-6983-4369-90f6-0f503f9544ea,0000-0002-8734-3123
887a0ecb-d67c-46f0-9642-c9225f9acbfe,0000-0001-6388-7241
887a0ecb-d67c-46f0-9642-c9225f9acbfe,0000-0002-8706-9902
887a0ecb-d67c-46f0-9642-c9225f9acbfe,0000-0002-9620-1514
887a0ecb-d67c-46f0-9642-c9225f9acbfe,0000-0003-0810-0308
887a0ecb-d67c-46f0-9642-c9225f9acbfe,0000-0003-2824-4106
887a0ecb-d67c-46f0-9642-c9225f9acbfe,0000-0003-3414-5155
887a0ecb-d67c-46f0-9642-c9225f9acbfe,0000-0003-4622-0482
88853aec-2007-4cda-bead-c410620d4848,0000-0003-0446-7153
88853aec-2007-4cda-bead-c410620d4848,0000-0003-2139-8575
88b23a1e-c6ad-4f8d-a5c8-0fcba9454b83,0000-0002-9857-5632
8a76bf84-e226-45a2-ae1d-9bb0150c52df,0000-0002-6702-3587
8a7a2494-2cbc-4d97-80b9-8eac3875a4df,0000-0001-9411-6781
8a7a2494-2cbc-4d97-80b9-8eac3875a4df,0000-0002-2907-2740
8a7a2494-2cbc-4d97-80b9-8eac3875a4df,0000-0002-6507-7899
8a7a2494-2cbc-4d97-80b9-8eac3875a4df,0000-0003-3388-7958
8a9b21e2-be4c-469d-b606-5f2507b753be,0000-0001-6112-2499
8aced5fe-9dd3-47e6-8316-3cdf6250ecd6,0000-0001-5199-9940
8aced5fe-9dd3-47e6-8316-3cdf6250ecd6,0000-0003-1531-3088
8c05fff1-7268-45b0-a025-5d4082d0c54e,0000-0002-5080-6075
8c05fff1-7268-45b0-a025-5d4082d0c54e,0000-0003-2114-8146
8d2748b8-2af9-489b-9f35-ebec2f4c2b4a,0000-0002-0739-2655
8d579fcc-06e8-4ca3-bb99-4f11e77fdef2,0000-0003-0918-6297
8d8e09ca-a73e-444f-958b-342c028199a5,0000-0002-5141-4815
8e552581-5574-4e6c-8c2a-2c18db1b2503,0000-0002-1478-2838
8e552581-5574-4e6c-8c2a-2c18db1b2503,0000-0002-4440-3261
8e78d2b3-48fc-4038-a75e-64e5485668b9,0000-0001-5603-0653
8e78d2b3-48fc-4038-a75e-64e5485668b9,0000-0001-6155-3360
8e78d2b3-48fc-4038-a75e-64e5485668b9,0000-0002-7432-3190
8e78d2b3-48fc-4038-a75e-64e5485668b9,0000-0003-0242-3923
8e78d2b3-48fc-4038-a75e-64e5485668b9,0000-0003-1841-8651
8faaddea-4700-4b13-a7f0-80f50fa5287b,0000-0001-5985-739X
8fb63933-4916-473b-b06d-17f07e258991,0000-0002-9857-5632
90e8a646-8404-441e-9dec-e84998178e05,0000-0002-3637-3154
90e8a646-8404-441e-9dec-e84998178e05,0000-0002-6396-9535
91b58016-cde6-4a4f-bc6a-4a9d40dbedea,0000-0001-5199-9940
921c3fe9-eafc-4b5a-8deb-a817e6756b7e,0000-0002-0825-1491
921c3fe9-eafc-4b5a-8deb-a817e6756b7e,0000-0002-2325-7912
921c3fe9-eafc-4b5a-8deb-a817e6756b7e,0000-0002-6917-9323
921c3fe9-eafc-4b5a-8deb-a817e6756b7e,0000-0002-8148-6895
921c3fe9-eafc-4b5a-8deb-a817e6756b7e,0000-0003-2060-8235
92290ded-8a2f-48ef-b03d-55aeb889a51f,0000-0002-2802-9177
92290ded-8a2f-48ef-b03d-55aeb889a51f,0000-0002-4616-0953
92290ded-8a2f-48ef-b03d-55aeb889a51f,0000-0002-5781-238X
92c18e47-6140-4e12-bf62-762ada618be5,0000-0002-5080-6075
92c18e47-6140-4e12-bf62-762ada618be5,0000-0003-2114-8146
93274a3d-7677-41c3-a37a-d84c7a0ee292,0000-0001-5199-9940
936561c7-d40e-4550-8bf4-f55cbcd8ce12,0000-0001-7342-1672
936561c7-d40e-4550-8bf4-f55cbcd8ce12,0000-0001-7601-1820
936561c7-d40e-4550-8bf4-f55cbcd8ce12,0000-0003-1139-8328
93b776f3-0f90-48c4-a2fd-bed7bcb89982,0000-0001-6475-5208
93b776f3-0f90-48c4-a2fd-bed7bcb89982,0000-0001-9678-541X
93b776f3-0f90-48c4-a2fd-bed7bcb89982,0000-0002-1528-3440
94f14772-3632-4e1f-a60e-99afb82b293a,0000-0002-5080-6075
94f14772-3632-4e1f-a60e-99afb82b293a,0000-0003-1364-0958
956f3e67-4d32-4f91-a2bd-44444f7ba231,0000-0001-7987-9780
956f3e67-4d32-4f91-a2bd-44444f7ba231,0000-0002-0216-424X
956f3e67-4d32-4f91-a2bd-44444f7ba231,0000-0002-6782-2039
9709bf47-b95a-40b3-ae1d-2749b8c62b06,0000-0001-6388-7241
9709bf47-b95a-40b3-ae1d-2749b8c62b06,0000-0002-8706-9902
9709bf47-b95a-40b3-ae1d-2749b8c62b06,0000-0002-9620-1514
9709bf47-b95a-40b3-ae1d-2749b8c62b06,0000-0003-0810-0308
9709bf47-b95a-40b3-ae1d-2749b8c62b06,0000-0003-2824-4106
9709bf47-b95a-40b3-ae1d-2749b8c62b06,0000-0003-3414-5155
9709bf47-b95a-40b3-ae1d-2749b8c62b06,0000-0003-4622-0482
9745a3e6-eaa6-4132-bdf1-8942aca7c438,0000-0001-7276-4868
985d4d29-e2cd-4114-84b7-b4526a726ab5,0000-0002-5676-008X
985d4d29-e2cd-4114-84b7-b4526a726ab5,0000-0003-0756-3538
989f3ee4-2a78-4b87-a6ec-cd5dd559a031,0000-0003-3505-7325
98c1ba5e-c1ef-4742-a4d0-e5a805900bed,0000-0002-3489-6584
9a543389-6c85-4c50-98ec-d199073baf70,0000-0002-8734-3123
9abe29b8-abcd-4441-9e6e-1f4775acc41c,0000-0003-3505-7325
9ae03d7b-f02d-4df2-bde6-49728e834027,0000-0002-8734-3123
9caa9b89-d6b6-4422-be9e-8255a9357885,0000-0002-6509-8534
9caa9b89-d6b6-4422-be9e-8255a9357885,0000-0002-6802-1241
9caa9b89-d6b6-4422-be9e-8255a9357885,0000-0003-0918-6297
9e05627c-bcf3-43e0-9ccb-bbc67699290d,0000-0002-6031-4613
9e05627c-bcf3-43e0-9ccb-bbc67699290d,0000-0003-3513-6568
9e7d3aa5-120c-499e-83b9-28c45b79060f,0000-0002-3447-0575
9e7d3aa5-120c-499e-83b9-28c45b79060f,0000-0003-1160-8727
9e7d3aa5-120c-499e-83b9-28c45b79060f,0000-0003-1160-8727 
9fd65013-0056-4872-b072-f5a4b0cf5a7f,0000-0003-4019-6178
a0545501-8789-4efe-a372-293e27ac3a3d,0000-0002-3698-7850
a0545501-8789-4efe-a372-293e27ac3a3d,0000-0002-5607-0687
a0545501-8789-4efe-a372-293e27ac3a3d,0000-0002-8867-8523
a106b0dc-4f5a-4d04-9cdb-88b3427d8c92,0000-0003-1560-810X
a1a1bf31-48c8-45e3-8a97-c07dbf6ba672,0000-0001-5847-5568
a1a1bf31-48c8-45e3-8a97-c07dbf6ba672,0000-0002-4855-8316
a1ae9d8b-eb58-4611-9d4b-59d147299531,0000-0002-8734-3123
a28770ef-17da-456c-886c-1e2f11985e17,0000-0001-7631-1065
a2c04d9d-f07d-4caf-99cf-c07b7cbb3671,0000-0001-9411-7565
a2c04d9d-f07d-4caf-99cf-c07b7cbb3671,0000-0002-6050-5233
a37844d6-c229-4bec-a71c-8bb2763a5867,0000-0001-5199-9940
a37844d6-c229-4bec-a71c-8bb2763a5867,0000-0003-1531-3088
a40c77cc-bf5a-4b95-a198-e326cda0acf8,0000-0002-8128-9613
a40c77cc-bf5a-4b95-a198-e326cda0acf8,0000-0003-3949-782X
a40e0cc1-d314-4dcc-9fe2-ac68ff336b7e,0000-0002-8734-3123
a42fe0cb-88fb-4c85-91db-92197cf096e1,0000-0003-0918-6297
a4789ae9-966b-4bca-87ee-5313a889d865,0000-0001-6707-6331
a4b1b3e4-0fec-4918-86bf-21cb1c902d39,0000-0002-2775-6751
a56af398-d46c-4883-af24-4dc4e6b1246f,0000-0001-6034-5498
a56af398-d46c-4883-af24-4dc4e6b1246f,0000-0002-5644-3316
a68dbbb2-9596-4b79-a3d9-9ba57225f5cb,0000-0003-3505-7325
a6973c7b-2147-4339-ae0b-234e2541f164,0000-0002-9857-5632
a6b6bfba-d789-45a7-b29c-058cd21ec310,0000-0002-5141-4815
a7b6e7a7-0897-45f3-9981-11f97703b787,0000-0002-6016-3747
a89f197f-95f6-43da-a11b-599b292b7df4,0000-0001-9190-3229
a89f197f-95f6-43da-a11b-599b292b7df4,0000-0002-1441-1631
a89f197f-95f6-43da-a11b-599b292b7df4,0000-0002-4196-9315
a89f197f-95f6-43da-a11b-599b292b7df4,0000-0002-4329-4892
a8d0fe0e-4dd5-44fd-8c13-26ad742e7ee6,0000-0002-9857-5632
a9408c83-0d0d-44c9-bb89-055651aa7c34,0000-0001-7525-0635
a9408c83-0d0d-44c9-bb89-055651aa7c34,0000-0002-0167-0466
a9408c83-0d0d-44c9-bb89-055651aa7c34,0000-0002-3637-3154
a9408c83-0d0d-44c9-bb89-055651aa7c34,0000-0002-8113-1509
a9a5be49-5f6c-4549-9b06-fc1c3a976869,0000-0001-7758-919X
a9a5be49-5f6c-4549-9b06-fc1c3a976869,0000-0002-3285-7653
aa05d0cd-0fb1-4a42-8203-394b145fcc0f,0000-0002-3607-9609
aaa875cf-d07f-4034-abae-09ba88eca93c,0000-0002-8734-3123
aadf20e9-6251-440b-ac9d-550737e93140,0000-0001-6564-8826
aadf20e9-6251-440b-ac9d-550737e93140,0000-0001-8642-5138
aadf20e9-6251-440b-ac9d-550737e93140,0000-0002-9095-5518
aadf20e9-6251-440b-ac9d-550737e93140,0000-0003-2060-8235
abd60733-b9c5-4420-a9b2-1efc9dad3229,0000-0001-6475-5208
abd60733-b9c5-4420-a9b2-1efc9dad3229,0000-0001-9566-590X
abd60733-b9c5-4420-a9b2-1efc9dad3229,0000-0003-1103-2529
abdc4f13-9339-4cf4-8b07-aeec348cf564,0000-0001-6475-5208
abdc4f13-9339-4cf4-8b07-aeec348cf564,0000-0001-9566-590X
abdc4f13-9339-4cf4-8b07-aeec348cf564,0000-0003-1103-2529
ad0f1eab-ffc5-480b-9072-f484f34f26dd,0000-0002-6824-7523
ade533eb-19b7-4def-8453-407e63ae0d96,0000-0001-5199-9940
ade533eb-19b7-4def-8453-407e63ae0d96,0000-0003-1531-3088
aed87c22-e51b-498e-b7fc-095267c84e03,0000-0001-6707-6331
af38c978-b9c9-40d5-b2ab-2c682bf82e6e,0000-0002-6509-8534
af38c978-b9c9-40d5-b2ab-2c682bf82e6e,0000-0002-6802-1241
af38c978-b9c9-40d5-b2ab-2c682bf82e6e,0000-0003-0918-6297
b0c9c76d-fb2b-474b-9883-969a1ec793d2,0000-0002-8128-9613
b0c9c76d-fb2b-474b-9883-969a1ec793d2,0000-0003-3949-782X
b1b5e776-9050-4a11-97ba-7ba7084b52ee,0000-0002-9790-8378
b1c7a391-6423-42ab-8574-943e63b31e66,0000-0002-5382-4017
b228e68f-1d43-4a89-a344-4e4b4edca74f,0000-0002-1409-1586
b228e68f-1d43-4a89-a344-4e4b4edca74f,0000-0003-1359-3944
b228e68f-1d43-4a89-a344-4e4b4edca74f,0000-0003-2599-5983
b3a13d13-6755-451a-a0bf-a8048144d785,0000-0002-5141-4815
b3f47ed5-df56-4727-a181-01f48e834c1d,0000-0001-7899-6045
b3f47ed5-df56-4727-a181-01f48e834c1d,0000-0002-6246-1051
b3f47ed5-df56-4727-a181-01f48e834c1d,0000-0003-3579-6005
b3f47ed5-df56-4727-a181-01f48e834c1d,0000-0003-4944-3059
b430feb2-689f-45ca-af40-358e4f60d1a4,0000-0002-8296-3008
b493dd3a-1ffa-48b5-87c7-1250b6d04dc1,0000-0002-8587-6153
b4a4a12f-35f5-4ed4-98d9-efdcb507c7c1,0000-0001-5595-6948
b4a4a12f-35f5-4ed4-98d9-efdcb507c7c1,0000-0001-6283-8042
b4a4a12f-35f5-4ed4-98d9-efdcb507c7c1,0000-0001-9306-8693
b4a4a12f-35f5-4ed4-98d9-efdcb507c7c1,0000-0002-0958-8600
b4a4a12f-35f5-4ed4-98d9-efdcb507c7c1,0000-0002-6285-8403
b4a4a12f-35f5-4ed4-98d9-efdcb507c7c1,0000-0002-6597-010X
b4a4a12f-35f5-4ed4-98d9-efdcb507c7c1,0000-0003-3430-5294
b509a0f1-860c-4e80-969a-b3072debd661,0000-0002-8128-9613
b509a0f1-860c-4e80-969a-b3072debd661,0000-0003-3949-782X
b545681d-68d2-41ee-a91d-20fb6a62d193,0000-0002-5141-4815
b59dcd26-08a4-4bff-a312-ac8238d03ccc,0000-0002-0698-2864
b5d19739-bdd3-412b-96cd-4158235b8f09,0000-0002-8734-3123
b66ebfb0-63a5-4f39-813d-964852c1a582,0000-0002-8657-6152
b6d32572-d7b0-40b9-9e93-5c145f7d446c,0000-0003-3505-7325
b8ffcbff-e9cd-4721-9b89-90ec1a3480f7,0000-0001-6155-3360
b8ffcbff-e9cd-4721-9b89-90ec1a3480f7,0000-0001-6233-2519
b8ffcbff-e9cd-4721-9b89-90ec1a3480f7,0000-0002-2172-2905
b8ffcbff-e9cd-4721-9b89-90ec1a3480f7,0000-0002-7206-974X
b8ffcbff-e9cd-4721-9b89-90ec1a3480f7,0000-0003-0242-3923
ba139a6a-9cf3-46d5-8a25-b338f90bd1bc,0000-0002-8734-3123
ba1ddb9d-631f-463d-a12d-a3762cbee893,0000-0002-8734-3123
ba2cbd35-530a-406c-9797-934054f04202,0000-0002-0161-1888
ba2cbd35-530a-406c-9797-934054f04202,0000-0002-3637-3154
ba2cbd35-530a-406c-9797-934054f04202,0000-0002-6014-9048
ba948ae2-54ac-470e-a818-6f75d92fb207,0000-0001-9562-3339
ba948ae2-54ac-470e-a818-6f75d92fb207,0000-0003-1557-3728
bae242ee-9081-4906-ad22-6b0a7cd073ab,0000-0001-6155-3360
bae242ee-9081-4906-ad22-6b0a7cd073ab,0000-0002-0234-4398
bae242ee-9081-4906-ad22-6b0a7cd073ab,0000-0002-2172-2905
bae242ee-9081-4906-ad22-6b0a7cd073ab,0000-0002-7006-0768
bbb3d668-7e8f-47c6-bbbe-192e993d6b67,0000-0003-4831-6218
bd1a5304-9fce-4a08-9a51-10aa5ac3b450,0000-0003-3508-602X
bd856943-5f45-4a0a-b5bb-b9e42629f7e8,0000-0002-3921-9566
bd856943-5f45-4a0a-b5bb-b9e42629f7e8,0000-0002-4138-5213
bd856943-5f45-4a0a-b5bb-b9e42629f7e8,0000-0002-5141-4815
bd856943-5f45-4a0a-b5bb-b9e42629f7e8,0000-0002-8706-9902
bd856943-5f45-4a0a-b5bb-b9e42629f7e8,0000-0002-9620-1514
bd856943-5f45-4a0a-b5bb-b9e42629f7e8,0000-0003-0810-0308
bd856943-5f45-4a0a-b5bb-b9e42629f7e8,0000-0003-2512-2445
bd856943-5f45-4a0a-b5bb-b9e42629f7e8,0000-0003-2824-4106
bd856943-5f45-4a0a-b5bb-b9e42629f7e8,0000-0003-4411-8898
bd856943-5f45-4a0a-b5bb-b9e42629f7e8,0000-0003-4622-0482
be7c6461-4719-4cc6-9d8a-d7d0890b940a,0000-0001-6707-6331
c10d98a8-e660-403b-8d16-aa6ed3b5fcc1,0000-0002-0118-8223
c20013cf-ae10-4521-b52c-7820bc375f98,0000-0003-3505-7325
c22ad20e-d0e3-4be2-8041-ba71bfa29873,0000-0003-1160-8727
c261111e-9e49-441e-a9b2-41815a14d77c,0000-0001-6112-2499
c261111e-9e49-441e-a9b2-41815a14d77c,0000-0001-6937-0796
c261111e-9e49-441e-a9b2-41815a14d77c,0000-0001-9394-6708
c261111e-9e49-441e-a9b2-41815a14d77c,0000-0002-2364-8892
c261111e-9e49-441e-a9b2-41815a14d77c,0000-0002-5358-9846
c261111e-9e49-441e-a9b2-41815a14d77c,0000-0002-7624-4752
c261111e-9e49-441e-a9b2-41815a14d77c,0000-0002-7669-3590
c261111e-9e49-441e-a9b2-41815a14d77c,0000-0003-0111-8804
c2f06893-0800-42ff-94e2-0bf0e200896d,0000-0002-0121-9261
c31c9ff2-0ea9-43d8-8f93-2af0eaade9d4,0000-0001-9576-8845
c38b938a-c921-4590-a4c5-e2ecdccc0bc0,0000-0001-6213-3982
c38b938a-c921-4590-a4c5-e2ecdccc0bc0,0000-0002-0739-9291
c38b938a-c921-4590-a4c5-e2ecdccc0bc0,0000-0002-2802-9177
c38b938a-c921-4590-a4c5-e2ecdccc0bc0,0000-0002-4109-3317
c38b938a-c921-4590-a4c5-e2ecdccc0bc0,0000-0002-4616-0953
c38b938a-c921-4590-a4c5-e2ecdccc0bc0,0000-0003-4350-9520
c38b938a-c921-4590-a4c5-e2ecdccc0bc0,0000-0003-4373-2538
c3a1e2fc-1f40-436f-95d3-952ad87b2858,0000-0003-2052-0567
c3d5c849-3f3e-49f3-ab52-751d108f02df,0000-0002-3468-6544
c4f905b4-4c5a-4eec-bad8-2d678096f1fa,0000-0002-2802-9177
c4f905b4-4c5a-4eec-bad8-2d678096f1fa,0000-0002-4616-0953
c4f905b4-4c5a-4eec-bad8-2d678096f1fa,0000-0002-5781-238X
c5aa200c-56be-4aa1-af59-7c679886baf2,0000-0003-3505-7325
c5d70263-8d5a-4fcb-9d74-d2868ffe3898,0000-0002-5382-4017
c61b3ad4-72d4-4a84-af6c-3a5badf01270,0000-0001-9099-1618
c61b3ad4-72d4-4a84-af6c-3a5badf01270,0000-0002-8877-0303
c63af03b-5289-46ef-9cb1-aab92f3d1934,0000-0001-8309-5479
c6ddcb6b-bd16-45b0-8e6c-2c7a39923a18,0000-0001-6707-6331
c6edc94a-0966-4e75-a784-0d60038badb9,0000-0002-6345-1197
c713fc65-4c2f-40a5-b672-9e8d6d79b581,0000-0001-7001-6225
c713fc65-4c2f-40a5-b672-9e8d6d79b581,0000-0001-7377-4021
c713fc65-4c2f-40a5-b672-9e8d6d79b581,0000-0001-8455-6812
c713fc65-4c2f-40a5-b672-9e8d6d79b581,0000-0001-8956-669X
c713fc65-4c2f-40a5-b672-9e8d6d79b581,0000-0001-9696-9630
c713fc65-4c2f-40a5-b672-9e8d6d79b581,0000-0002-1417-033X
c713fc65-4c2f-40a5-b672-9e8d6d79b581,0000-0002-6360-5096
c713fc65-4c2f-40a5-b672-9e8d6d79b581,0000-0002-6876-7377
c713fc65-4c2f-40a5-b672-9e8d6d79b581,0000-0002-8410-5824
c713fc65-4c2f-40a5-b672-9e8d6d79b581,0000-0002-8617-0443
c713fc65-4c2f-40a5-b672-9e8d6d79b581,0000-0002-9337-0793
c713fc65-4c2f-40a5-b672-9e8d6d79b581,0000-0003-0116-8895
c729ffd9-8be1-49a9-8c43-dab2f8a87753,0000-0003-0918-6297
c7965016-0acb-45bb-b77b-91859c369048,0000-0002-3921-9566
c7965016-0acb-45bb-b77b-91859c369048,0000-0002-4138-5213
c7965016-0acb-45bb-b77b-91859c369048,0000-0002-5141-4815
c7965016-0acb-45bb-b77b-91859c369048,0000-0002-8706-9902
c7965016-0acb-45bb-b77b-91859c369048,0000-0002-9620-1514
c7965016-0acb-45bb-b77b-91859c369048,0000-0003-0810-0308
c7965016-0acb-45bb-b77b-91859c369048,0000-0003-2512-2445
c7965016-0acb-45bb-b77b-91859c369048,0000-0003-2824-4106
c7965016-0acb-45bb-b77b-91859c369048,0000-0003-4411-8898
c7965016-0acb-45bb-b77b-91859c369048,0000-0003-4622-0482
c7b31467-bdf7-487a-bbd8-d4d8396b0e84,0000-0002-8796-1829
c80c6291-df19-4a92-b5cf-134ceb98dd69,0000-0002-6014-9048
c854c0a8-9a35-40b8-8698-115d3ec29a26,0000-0001-9576-8845
c896cabf-62db-4ed7-af8b-f298857a7f43,0000-0002-2464-4260
c896cabf-62db-4ed7-af8b-f298857a7f43,0000-0002-8096-1594
c896cabf-62db-4ed7-af8b-f298857a7f43,0000-0003-2614-9391
c896cabf-62db-4ed7-af8b-f298857a7f43,0000-0003-2890-8873
c944048a-a7e4-4353-8ba1-80f2db803028,0000-0002-2364-8892
ca357b59-8301-435b-8027-a739fba0f757,0000-0002-6402-105X
cae809c2-4400-48b1-8889-055f4abf4f94,0000-0001-7435-4088
cae809c2-4400-48b1-8889-055f4abf4f94,0000-0002-6382-2533
cae809c2-4400-48b1-8889-055f4abf4f94,0000-0003-0665-7655
cb1d5ed4-8500-4b26-b15f-f5b0103a407f,0000-0002-0715-8738
cb5cca01-a6f5-4934-93ae-e3ac750a67ee,0000-0002-8148-6895
cb5cca01-a6f5-4934-93ae-e3ac750a67ee,0000-0003-2060-8235
cb5cca01-a6f5-4934-93ae-e3ac750a67ee,0000-0003-3043-3571
cb5cca01-a6f5-4934-93ae-e3ac750a67ee,0000-0003-3802-2005
cb5cca01-a6f5-4934-93ae-e3ac750a67ee,0000-0003-4368-0125
cb93b2d1-a29c-4c3a-ab2e-9b6d7e3f747e,0000-0003-3505-7325
cbcd1a75-b52d-4883-8ae0-b3ff06818b16,0000-0001-5199-9940
cbcd1a75-b52d-4883-8ae0-b3ff06818b16,0000-0003-1531-3088
cbe5f1f9-fe2e-4ee9-b292-3cdb58cde3f1,0000-0003-3505-7325
ce115b9d-870f-436b-a8f7-386a6c65834f,0000-0002-8734-3123
ce733a0e-950e-42ac-80f1-bc0ffeae74b9,0000-0002-8734-3123
ce8acb1e-d3e0-452c-ac68-b440686ca701,0000-0003-0391-3879
ce92217d-7bac-4333-a969-f1c4e89874c8,0000-0001-6155-3360
ce92217d-7bac-4333-a969-f1c4e89874c8,0000-0002-0825-1491
ce92217d-7bac-4333-a969-f1c4e89874c8,0000-0002-2172-2905
ce92217d-7bac-4333-a969-f1c4e89874c8,0000-0002-8148-6895
ceeaf408-ffbf-4f01-8c05-8395dd687c3d,0000-0001-6034-5498
ceeaf408-ffbf-4f01-8c05-8395dd687c3d,0000-0002-5644-3316
cef4d5f3-d260-4dce-88b1-019731b0c42b,0000-0003-2693-9238
cef7a008-1a48-44cf-b4ed-b1b66a976f56,0000-0001-5199-9940
cf174b40-8c2b-44c4-bf21-437e9697cdff,0000-0003-3505-7325
cff756f0-57b0-48b2-b53c-e2185f8e445e,0000-0001-9411-7565
cff756f0-57b0-48b2-b53c-e2185f8e445e,0000-0002-6050-5233
d01236b7-97c5-49d7-a7cf-4bb2aec02af9,0000-0002-2358-6329
d1659ab4-3c47-422e-b11c-75dd957a11d1,0000-0001-7323-0366
d1712998-f2da-4796-a2fc-110f7c4d369d,0000-0002-5141-4815
d2186c38-ac7f-45fb-9c38-2e9f36d3afaf,0000-0001-6034-5498
d2186c38-ac7f-45fb-9c38-2e9f36d3afaf,0000-0002-5644-3316
d2186c38-ac7f-45fb-9c38-2e9f36d3afaf,0000-0002-6994-7206
d2186c38-ac7f-45fb-9c38-2e9f36d3afaf,0000-0002-9771-8101
d2186c38-ac7f-45fb-9c38-2e9f36d3afaf,0000-0003-2733-5073
d21c5b01-1131-44c0-8063-e46944b68de0,0000-0002-2464-4260
d21c5b01-1131-44c0-8063-e46944b68de0,0000-0002-8096-1594
d21c5b01-1131-44c0-8063-e46944b68de0,0000-0003-2614-9391
d21c5b01-1131-44c0-8063-e46944b68de0,0000-0003-2890-8873
d2a21683-2f5d-4b92-b134-f185d6ef498a,0000-0001-7432-8453
d2a21683-2f5d-4b92-b134-f185d6ef498a,0000-0001-8370-4051
d2e5af1b-4a74-4bba-8199-e6d138e37243,0000-0002-8734-3123
d3f46aed-1819-4bc4-895f-3a6c57e1cfd2,0000-0003-2946-9120
d4282dea-6d37-45f7-80b2-4bb04f2e8980,0000-0001-5217-7164
d4282dea-6d37-45f7-80b2-4bb04f2e8980,0000-0003-1286-3770
d4b11115-cd20-4f90-8b84-b9c6080a2a61,0000-0002-5382-4017
d4b11115-cd20-4f90-8b84-b9c6080a2a61,0000-0002-5455-1698
d55563a5-b40f-4fd4-ad2c-199a088191c4,0000-0003-3505-7325
d62bc9a2-c3b3-46a7-9a4c-47c9722fe33b,0000-0001-6266-3350
d62bc9a2-c3b3-46a7-9a4c-47c9722fe33b,0000-0001-6980-2384
d62bc9a2-c3b3-46a7-9a4c-47c9722fe33b,0000-0001-9057-4857
d62bc9a2-c3b3-46a7-9a4c-47c9722fe33b,0000-0002-2831-3864
d62bc9a2-c3b3-46a7-9a4c-47c9722fe33b,0000-0002-6345-1197
d6768440-7bc5-457a-99f0-d0f82ee409cd,0000-0002-8734-3123
d68fd301-711c-485d-a408-ea95b3061345,0000-0001-6694-0669
d68fd301-711c-485d-a408-ea95b3061345,0000-0001-8442-8503
d73ddfda-cbe9-4eaa-8c7b-d1409d7e2381,0000-0002-4620-7571
d77728c7-f7e1-4f5e-b861-0903a26b34d8,0000-0003-3505-7325
d7d7bd87-b2cb-4cf8-bb81-b2f90ec60a83,0000-0002-0625-965X
d986269a-0bef-4bc8-8cca-6a0f6bb05c27,0000-0002-4354-4353
d986269a-0bef-4bc8-8cca-6a0f6bb05c27,0000-0002-6243-2840
d986269a-0bef-4bc8-8cca-6a0f6bb05c27,0000-0002-7363-531X
d986269a-0bef-4bc8-8cca-6a0f6bb05c27,0000-0002-7899-7192
d986269a-0bef-4bc8-8cca-6a0f6bb05c27,0000-0002-7955-8378
d986269a-0bef-4bc8-8cca-6a0f6bb05c27,0000-0003-2968-1674
d986269a-0bef-4bc8-8cca-6a0f6bb05c27,0000-0003-4480-8661
d9e2de58-08f3-4ba6-ac65-11a78de79cee,0000-0003-1359-3944
d9e2de58-08f3-4ba6-ac65-11a78de79cee,0000-0003-2599-5983
d9fd63e3-e9d2-4443-b9e8-695dbc39764d,0000-0002-3921-9566
d9fd63e3-e9d2-4443-b9e8-695dbc39764d,0000-0002-4138-5213
d9fd63e3-e9d2-4443-b9e8-695dbc39764d,0000-0002-5141-4815
d9fd63e3-e9d2-4443-b9e8-695dbc39764d,0000-0002-8706-9902
d9fd63e3-e9d2-4443-b9e8-695dbc39764d,0000-0002-9620-1514
d9fd63e3-e9d2-4443-b9e8-695dbc39764d,0000-0003-0810-0308
d9fd63e3-e9d2-4443-b9e8-695dbc39764d,0000-0003-2512-2445
d9fd63e3-e9d2-4443-b9e8-695dbc39764d,0000-0003-2824-4106
d9fd63e3-e9d2-4443-b9e8-695dbc39764d,0000-0003-4411-8898
d9fd63e3-e9d2-4443-b9e8-695dbc39764d,0000-0003-4622-0482
da47b1fe-d957-45ae-901a-8e12cda00aa5,0000-0003-3505-7325
dc7be277-653e-47a2-b594-1bd57ddaa4f8,0000-0003-3505-7325
dcc2ec89-f4a5-42d5-91aa-1a38349e553c,0000-0001-6475-5208
dcc2ec89-f4a5-42d5-91aa-1a38349e553c,0000-0001-9566-590X
dcc2ec89-f4a5-42d5-91aa-1a38349e553c,0000-0003-1103-2529
dd899416-5a6c-43d1-8506-e1ca6300b709,0000-0001-6388-7241
dd899416-5a6c-43d1-8506-e1ca6300b709,0000-0002-8706-9902
dd899416-5a6c-43d1-8506-e1ca6300b709,0000-0002-9620-1514
dd899416-5a6c-43d1-8506-e1ca6300b709,0000-0003-0810-0308
dd899416-5a6c-43d1-8506-e1ca6300b709,0000-0003-2824-4106
dd899416-5a6c-43d1-8506-e1ca6300b709,0000-0003-3414-5155
dd899416-5a6c-43d1-8506-e1ca6300b709,0000-0003-4622-0482
de182010-9aca-491b-8ec0-19f497ce6e32,0000-0001-7705-9455
de182010-9aca-491b-8ec0-19f497ce6e32,0000-0001-8861-3167
de182010-9aca-491b-8ec0-19f497ce6e32,0000-0003-0197-2672
de182010-9aca-491b-8ec0-19f497ce6e32,0000-0003-2989-1591
deba1593-f695-460e-9f18-be17704f54f6,0000-0002-3607-9609
df530621-e0a3-49f0-b08e-24379989570b,0000-0001-9614-6263
df530621-e0a3-49f0-b08e-24379989570b,0000-0002-2487-4744
df530621-e0a3-49f0-b08e-24379989570b,0000-0002-5883-4273
df530621-e0a3-49f0-b08e-24379989570b,0000-0002-6584-0233
df5a35c9-b58a-4bdc-90fc-2cb68351fa19,0000-0001-9421-527X
df5a35c9-b58a-4bdc-90fc-2cb68351fa19,0000-0003-3193-0377
df5a35c9-b58a-4bdc-90fc-2cb68351fa19,0000-0003-4018-0790
df5b7113-d32b-40bd-98ed-2ed55843b250,0000-0002-8734-3123
e06d1212-c383-47de-84dc-bff91aea1c1a,0000-0003-3505-7325
e0894e61-8e22-4832-aa92-555f007282bc,0000-0001-6034-5498
e0894e61-8e22-4832-aa92-555f007282bc,0000-0002-5644-3316
e0894e61-8e22-4832-aa92-555f007282bc,0000-0002-6994-7206
e0894e61-8e22-4832-aa92-555f007282bc,0000-0003-2733-5073
e121be86-7419-4b5a-8507-344dd6851d1c,0000-0003-1160-8727
e2b95dce-768b-45f3-86ed-f4531cd98e94,0000-0002-0698-2864
e2b95dce-768b-45f3-86ed-f4531cd98e94,0000-0003-1560-810X
e45bd890-1f6d-449b-9d76-b9a7371c4ed4,0000-0003-3505-7325
e48e0a1a-1771-4832-a83c-b88a5d29b2a4,0000-0002-8734-3123
e4afd5c8-6ed3-4ee8-9146-39b929608963,0000-0002-2509-1418
e4bf97d0-302d-488c-b3e0-001f3841abbd,0000-0002-0091-6217
e50eadb8-c7fe-44e3-b1a1-6b95a9fc5207,0000-0002-6824-7523
e51fd04c-cd78-4111-a6aa-d7c0e62bbb42,0000-0003-3505-7325
e62c6987-b4ae-45c6-9499-78bdb188e1a1,0000-0002-3391-7638
e62c6987-b4ae-45c6-9499-78bdb188e1a1,0000-0002-9895-2469
e6e37d74-7cfc-458e-ac29-ed153b414354,0000-0002-8734-3123
e734ab2f-e0b0-4f64-96fd-6d181687a3d1,0000-0001-6213-3982
e734ab2f-e0b0-4f64-96fd-6d181687a3d1,0000-0002-0739-9291
e734ab2f-e0b0-4f64-96fd-6d181687a3d1,0000-0002-2802-9177
e734ab2f-e0b0-4f64-96fd-6d181687a3d1,0000-0002-4109-3317
e734ab2f-e0b0-4f64-96fd-6d181687a3d1,0000-0002-4616-0953
e734ab2f-e0b0-4f64-96fd-6d181687a3d1,0000-0003-4350-9520
e734ab2f-e0b0-4f64-96fd-6d181687a3d1,0000-0003-4373-2538
e82fc813-6e03-4bf8-9133-0ca1402b0f43,0000-0002-1656-7963
e8a0620f-63a3-433c-8a85-c1c085159ea2,0000-0002-8734-3123
ea808714-d154-4a62-8152-6263aad48bb1,0000-0003-0446-7153
ea808714-d154-4a62-8152-6263aad48bb1,0000-0003-2139-8575
ebd8488f-a92b-46c9-899c-1e0b7f4f01e1,0000-0002-8734-3123
ebfe6cb9-95b4-4eb9-9a63-fe6bae215aa9,0000-0001-6561-1943
ebfe6cb9-95b4-4eb9-9a63-fe6bae215aa9,0000-0002-6738-3312
ebfe6cb9-95b4-4eb9-9a63-fe6bae215aa9,0000-0002-7489-7688
ebfe6cb9-95b4-4eb9-9a63-fe6bae215aa9,0000-0003-4233-0094
ec912f16-62d2-48cf-ab64-c1ac86dab9db,0000-0002-3489-6584
ecce4c0c-b917-42ea-a680-fd366ce5c7b0,0000-0001-9421-527X
ecce4c0c-b917-42ea-a680-fd366ce5c7b0,0000-0003-3193-0377
ecce4c0c-b917-42ea-a680-fd366ce5c7b0,0000-0003-4018-0790
ee5bef8f-48ca-499b-9f7b-411e6b236ffd,0000-0001-5199-9940
ee5bef8f-48ca-499b-9f7b-411e6b236ffd,0000-0002-4372-9155
ee5bef8f-48ca-499b-9f7b-411e6b236ffd,0000-0002-9578-2556
ee5bef8f-48ca-499b-9f7b-411e6b236ffd,0000-0003-1531-3088
ee5bef8f-48ca-499b-9f7b-411e6b236ffd,0000-0003-3505-7325
ee5bef8f-48ca-499b-9f7b-411e6b236ffd,0000-0003-3955-5081
ee805dc1-496c-4b10-87ba-0aa5ff68a64e,0000-0003-3505-7325
ef96d2db-9cbe-4738-b7bf-da556e12bdc2,0000-0003-0918-6297
f00cdc84-5be1-4d2d-b00c-d8a957d78a0b,0000-0002-8734-3123
f079aab6-870e-4a47-a4eb-2017ac25e367,0000-0001-6388-7241
f079aab6-870e-4a47-a4eb-2017ac25e367,0000-0002-8706-9902
f079aab6-870e-4a47-a4eb-2017ac25e367,0000-0002-9620-1514
f079aab6-870e-4a47-a4eb-2017ac25e367,0000-0003-0810-0308
f079aab6-870e-4a47-a4eb-2017ac25e367,0000-0003-2824-4106
f079aab6-870e-4a47-a4eb-2017ac25e367,0000-0003-3414-5155
f079aab6-870e-4a47-a4eb-2017ac25e367,0000-0003-4622-0482
f0ad7f6f-3dc5-4ea1-911b-4089a35f2731,0000-0001-6155-3360
f0ad7f6f-3dc5-4ea1-911b-4089a35f2731,0000-0002-0234-4398
f0ad7f6f-3dc5-4ea1-911b-4089a35f2731,0000-0002-2172-2905
f0ad7f6f-3dc5-4ea1-911b-4089a35f2731,0000-0002-7006-0768
f0bf8876-afe3-4a9a-8529-289ab2380313,0000-0001-5747-2525
f0bf8876-afe3-4a9a-8529-289ab2380313,0000-0001-6112-2499
f0bf8876-afe3-4a9a-8529-289ab2380313,0000-0002-0001-7473
f0bf8876-afe3-4a9a-8529-289ab2380313,0000-0002-0739-2655
f0bf8876-afe3-4a9a-8529-289ab2380313,0000-0002-2364-8892
f0bf8876-afe3-4a9a-8529-289ab2380313,0000-0002-8527-9404
f0bf8876-afe3-4a9a-8529-289ab2380313,0000-0002-9049-1186
f0c1a95b-255a-466d-981c-81fc376647ef,0000-0003-2118-4788
f1460cfd-866d-42ad-8383-36d5c3f22201,0000-0001-8007-7021
f1dd3317-09a6-4320-ba4c-9210af0148f0,0000-0002-0302-6658
f220b189-f18e-4a4c-ab6c-76ce022a827d,0000-0001-8698-1257
f2792a2b-fc82-4ac2-86d5-8a5830e4f98f,0000-0003-3505-7325
f33bf4d7-af23-496b-9a32-77c928867366,0000-0002-4372-9155
f33bf4d7-af23-496b-9a32-77c928867366,0000-0002-9578-2556
f33bf4d7-af23-496b-9a32-77c928867366,0000-0003-3505-7325
f33bf4d7-af23-496b-9a32-77c928867366,0000-0003-3955-5081
f3d88d5f-0020-4de5-8898-ba7ebcda14ac,0000-0001-6112-2499
f43c99b5-4b4b-4df0-8e11-f8e5c75ed1ec,0000-0002-8734-3123
f45c42a7-50d2-46e1-a247-e40db3255d50,0000-0001-8007-7021
f47f9afb-39d8-46d4-9679-4080c85f8439,0000-0002-1439-9695
f59619c4-ee95-4102-8bc1-8583a82460d4,0000-0002-8734-3123
f5b2479b-9018-4a68-98b7-7299a70e13ff,0000-0001-6213-3982
f5b2479b-9018-4a68-98b7-7299a70e13ff,0000-0002-0739-9291
f5b2479b-9018-4a68-98b7-7299a70e13ff,0000-0002-2802-9177
f5b2479b-9018-4a68-98b7-7299a70e13ff,0000-0002-4109-3317
f5b2479b-9018-4a68-98b7-7299a70e13ff,0000-0002-4616-0953
f5b2479b-9018-4a68-98b7-7299a70e13ff,0000-0003-4350-9520
f5b2479b-9018-4a68-98b7-7299a70e13ff,0000-0003-4373-2538
f5f2decf-6082-43af-a56a-b0f6c945a75f,0000-0002-0091-6217
f5f2decf-6082-43af-a56a-b0f6c945a75f,0000-0002-4075-9535
f6d9b33f-1556-4ac7-bdba-127f035fb68f,0000-0003-3505-7325
f7f13220-42d2-468c-8ec4-9596ca052d26,0000-0002-6016-3747
f885b9fa-16b9-42c5-bab0-8732b1553b3e,0000-0002-2802-9177
f885b9fa-16b9-42c5-bab0-8732b1553b3e,0000-0002-4616-0953
f885b9fa-16b9-42c5-bab0-8732b1553b3e,0000-0002-5781-238X
f8baa52b-1d2f-45ef-8898-d15eb5def5bf,0000-0001-9421-527X
f8baa52b-1d2f-45ef-8898-d15eb5def5bf,0000-0003-3193-0377
f8baa52b-1d2f-45ef-8898-d15eb5def5bf,0000-0003-4018-0790
f91697cc-fbf6-45f3-b942-28f2aad17293,0000-0001-5841-2815
f91697cc-fbf6-45f3-b942-28f2aad17293,0000-0002-8988-330X
f9672db6-eb9d-4d9d-b834-9b50b95caf4a,0000-0002-2802-9177
f9672db6-eb9d-4d9d-b834-9b50b95caf4a,0000-0002-4616-0953
f9a12656-d803-4ef9-848a-784ec3c7d20d,0000-0002-8734-3123
fc6ac5d9-1604-41d9-b0f0-35e5d391029f,0000-0002-5141-4815
fc8882a2-5207-4205-9775-4b02e74f1a72,0000-0002-2364-8892
fe22a15c-b4bd-423f-8689-9ff0af23eb9d,0000-0001-7620-1245
fe22a15c-b4bd-423f-8689-9ff0af23eb9d,0000-0002-6403-9022
fe742c08-cebc-489a-b205-e7f4a6487829,0000-0002-8734-3123
feff84ea-89ec-4ce6-95fa-70060af298ac,0000-0001-5492-3212
feff84ea-89ec-4ce6-95fa-70060af298ac,0000-0002-0698-2864
feff84ea-89ec-4ce6-95fa-70060af298ac,0000-0003-3758-5455
ff44c59b-e1a7-4f01-8403-33b95d2454d1,0000-0001-6451-341X
ff44c59b-e1a7-4f01-8403-33b95d2454d1,0000-0003-4348-7288
ff72da57-7dba-49da-97b3-904ee1a64a73,0000-0001-7685-7797
ff72da57-7dba-49da-97b3-904ee1a64a73,0000-0002-1425-5587
ff72da57-7dba-49da-97b3-904ee1a64a73,0000-0002-3657-4693
ff72da57-7dba-49da-97b3-904ee1a64a73,0000-0002-9863-8461
ff72da57-7dba-49da-97b3-904ee1a64a73,0000-0003-4208-6159
ffb44065-ad38-4952-b69c-4fccfe6ea97d,0000-0001-7651-708X
ffb44065-ad38-4952-b69c-4fccfe6ea97d,0000-0002-0001-7473
ffb44065-ad38-4952-b69c-4fccfe6ea97d,0000-0002-2364-8892
ffb44065-ad38-4952-b69c-4fccfe6ea97d,0000-0002-8894-3294
ffb44065-ad38-4952-b69c-4fccfe6ea97d,0000-0002-9247-702X
